Workbook

Sheet Site Data
A1: Site | C1: 45305 | D1: =C1+7 -> 45312 | E1: =D1+7 -> 45319 | F1: =E1+7 -> 45326 | G1: =F1+7 -> 45333 | H1: =G1+7 -> 45340 | I1: =H1+7 -> 45347 | J1: =I1+7 -> 45354 | K1: =J1+7 -> 45361 | ... R1: =Q1+7 -> 45410 | S1: Comments
A2: Canada | B2: Client Requirement | C2: =Canada!D2+Canada!#REF!+Canada!#REF!+Canada!#REF!+Canada!#REF!+Canada!#REF! -> #VALUE! | D2: =Canada!E2+Canada!#REF!+Canada!#REF!+Canada!#REF!+Canada!#REF!+Canada!#REF! -> #REF! | E2: =Canada!F2+Canada!#REF!+Canada!#REF!+Canada!#REF!+Canada!#REF!+Canada!#REF! -> #REF! | F2: =Canada!G2+Canada!#REF!+Canada!#REF!+Canada!#REF!+Canada!#REF!+Canada!#REF! -> #REF! | G2: =Canada!H2+Canada!#REF!+Canada!#REF!+Canada!#REF!+Canada!#REF!+Canada!#REF! -> #REF! | H2: =Canada!I2+Canada!#REF!+Canada!#REF!+Canada!#REF!+Canada!#REF!+Canada!#REF! -> #REF! | I2: =Canada!J2+Canada!#REF!+Canada!#REF!+Canada!#REF!+Canada!#REF!+Canada!#REF! -> #REF! | J2: =Canada!K2+Canada!#REF!+Canada!#REF!+Canada!#REF!+Canada!#REF!+Canada!#REF! -> #REF! | ... R2: =Canada!S2+Canada!#REF!+Canada!#REF!+Canada!#REF!+Canada!#REF!+Canada!#REF! -> #REF!
B3: Projected FTE | C3: =Canada!D3+Canada!#REF!+Canada!#REF!+Canada!#REF!+Canada!#REF!+Canada!#REF! -> #VALUE! | D3: =Canada!E3+Canada!#REF!+Canada!#REF!+Canada!#REF!+Canada!#REF!+Canada!#REF! -> #REF! | E3: =Canada!F3+Canada!#REF!+Canada!#REF!+Canada!#REF!+Canada!#REF!+Canada!#REF! -> #REF! | F3: =Canada!G3+Canada!#REF!+Canada!#REF!+Canada!#REF!+Canada!#REF!+Canada!#REF! -> #REF! | G3: =Canada!H3+Canada!#REF!+Canada!#REF!+Canada!#REF!+Canada!#REF!+Canada!#REF! -> #REF! | H3: =Canada!I3+Canada!#REF!+Canada!#REF!+Canada!#REF!+Canada!#REF!+Canada!#REF! -> #REF! | I3: =Canada!J3+Canada!#REF!+Canada!#REF!+Canada!#REF!+Canada!#REF!+Canada!#REF! -> #REF! | J3: =Canada!K3+Canada!#REF!+Canada!#REF!+Canada!#REF!+Canada!#REF!+Canada!#REF! -> #REF! | ... R3: =Canada!S3+Canada!#REF!+Canada!#REF!+Canada!#REF!+Canada!#REF!+Canada!#REF! -> #REF!
B4: Staffing% | C4: =IFERROR(C3/C2,"") | D4: =IFERROR(D3/D2,"") | E4: =IFERROR(E3/E2,"") | F4: =IFERROR(F3/F2,"") | G4: =IFERROR(G3/G2,"") | H4: =IFERROR(H3/H2,"") | I4: =IFERROR(I3/I2,"") | J4: =IFERROR(J3/J2,"") | ... R4: =IFERROR(R3/R2,"")
A6: Columbia | B6: Client Requirement | C6: =#REF!+#REF!+#REF!+#REF!+#REF!+#REF!+#REF!+#REF!+#REF!+#REF!+#REF!+#REF!+#REF! -> #REF! | D6: =#REF!+#REF!+#REF!+#REF!+#REF!+#REF!+#REF!+#REF!+#REF!+#REF!+#REF!+#REF!+#REF! -> #REF! | E6: =#REF!+#REF!+#REF!+#REF!+#REF!+#REF!+#REF!+#REF!+#REF!+#REF!+#REF!+#REF!+#REF! -> #REF! | F6: =#REF!+#REF!+#REF!+#REF!+#REF!+#REF!+#REF!+#REF!+#REF!+#REF!+#REF!+#REF!+#REF! -> #REF! | G6: =#REF!+#REF!+#REF!+#REF!+#REF!+#REF!+#REF!+#REF!+#REF!+#REF!+#REF!+#REF!+#REF! -> #REF! | H6: =#REF!+#REF!+#REF!+#REF!+#REF!+#REF!+#REF!+#REF!+#REF!+#REF!+#REF!+#REF!+#REF! -> #REF! | I6: =#REF!+#REF!+#REF!+#REF!+#REF!+#REF!+#REF!+#REF!+#REF!+#REF!+#REF!+#REF!+#REF! -> #REF! | J6: =#REF!+#REF!+#REF!+#REF!+#REF!+#REF!+#REF!+#REF!+#REF!+#REF!+#REF!+#REF!+#REF! -> #REF! | ... R6: =#REF!+#REF!+#REF!+#REF!+#REF!+#REF!+#REF!+#REF!+#REF!+#REF!+#REF!+#REF!+#REF! -> #REF!
B7: Projected FTE | C7: =#REF!+#REF!+#REF!+#REF!+#REF!+#REF!+#REF!+#REF!+#REF!+#REF!+#REF!+#REF!+#REF! -> #REF! | D7: =#REF!+#REF!+#REF!+#REF!+#REF!+#REF!+#REF!+#REF!+#REF!+#REF!+#REF!+#REF!+#REF! -> #REF! | E7: =#REF!+#REF!+#REF!+#REF!+#REF!+#REF!+#REF!+#REF!+#REF!+#REF!+#REF!+#REF!+#REF! -> #REF! | F7: =#REF!+#REF!+#REF!+#REF!+#REF!+#REF!+#REF!+#REF!+#REF!+#REF!+#REF!+#REF!+#REF! -> #REF! | G7: =#REF!+#REF!+#REF!+#REF!+#REF!+#REF!+#REF!+#REF!+#REF!+#REF!+#REF!+#REF!+#REF! -> #REF! | H7: =#REF!+#REF!+#REF!+#REF!+#REF!+#REF!+#REF!+#REF!+#REF!+#REF!+#REF!+#REF!+#REF! -> #REF! | I7: =#REF!+#REF!+#REF!+#REF!+#REF!+#REF!+#REF!+#REF!+#REF!+#REF!+#REF!+#REF!+#REF! -> #REF! | J7: =#REF!+#REF!+#REF!+#REF!+#REF!+#REF!+#REF!+#REF!+#REF!+#REF!+#REF!+#REF!+#REF! -> #REF! | ... R7: =#REF!+#REF!+#REF!+#REF!+#REF!+#REF!+#REF!+#REF!+#REF!+#REF!+#REF!+#REF!+#REF! -> #REF!
B8: Staffing% | C8: =IFERROR(C7/C6,"") | D8: =IFERROR(D7/D6,"") | E8: =IFERROR(E7/E6,"") | F8: =IFERROR(F7/F6,"") | G8: =IFERROR(G7/G6,"") | H8: =IFERROR(H7/H6,"") | I8: =IFERROR(I7/I6,"") | J8: =IFERROR(J7/J6,"") | ... R8: =IFERROR(R7/R6,"")
A10: Egypt | B10: Client Requirement | C10: =#REF!+#REF! -> #REF! | D10: =#REF!+#REF! -> #REF! | E10: =#REF!+#REF! -> #REF! | F10: =#REF!+#REF! -> #REF! | G10: =#REF!+#REF! -> #REF! | H10: =#REF!+#REF! -> #REF! | I10: =#REF!+#REF! -> #REF! | J10: =#REF!+#REF! -> #REF! | ... R10: =#REF!+#REF! -> #REF!
B11: Projected FTE | C11: =#REF!+#REF! -> #REF! | D11: =#REF!+#REF! -> #REF! | E11: =#REF!+#REF! -> #REF! | F11: =#REF!+#REF! -> #REF! | G11: =#REF!+#REF! -> #REF! | H11: =#REF!+#REF! -> #REF! | I11: =#REF!+#REF! -> #REF! | J11: =#REF!+#REF! -> #REF! | ... R11: =#REF!+#REF! -> #REF!
B12: Staffing% | C12: =IFERROR(C11/C10,"") | D12: =IFERROR(D11/D10,"") | E12: =IFERROR(E11/E10,"") | F12: =IFERROR(F11/F10,"") | G12: =IFERROR(G11/G10,"") | H12: =IFERROR(H11/H10,"") | I12: =IFERROR(I11/I10,"") | J12: =IFERROR(J11/J10,"") | ... R12: =IFERROR(R11/R10,"")
A14: Philippines | B14: Client Requirement | C14: =#REF!+#REF!+#REF!+#REF!+#REF!+#REF!+#REF!+#REF!+#REF!+#REF!+#REF!+#REF!+#REF!+#REF!+#REF!+#REF!+#REF!+#REF!+#REF!+#REF! -> #REF! | D14: =#REF!+#REF!+#REF!+#REF!+#REF!+#REF!+#REF!+#REF!+#REF!+#REF!+#REF!+#REF!+#REF!+#REF!+#REF!+#REF!+#REF!+#REF!+#REF!+#REF! -> #REF! | E14: =#REF!+#REF!+#REF!+#REF!+#REF!+#REF!+#REF!+#REF!+#REF!+#REF!+#REF!+#REF!+#REF!+#REF!+#REF!+#REF!+#REF!+#REF!+#REF!+#REF! -> #REF! | F14: =#REF!+#REF!+#REF!+#REF!+#REF!+#REF!+#REF!+#REF!+#REF!+#REF!+#REF!+#REF!+#REF!+#REF!+#REF!+#REF!+#REF!+#REF!+#REF!+#REF! -> #REF! | G14: =#REF!+#REF!+#REF!+#REF!+#REF!+#REF!+#REF!+#REF!+#REF!+#REF!+#REF!+#REF!+#REF!+#REF!+#REF!+#REF!+#REF!+#REF!+#REF!+#REF! -> #REF! | H14: =#REF!+#REF!+#REF!+#REF!+#REF!+#REF!+#REF!+#REF!+#REF!+#REF!+#REF!+#REF!+#REF!+#REF!+#REF!+#REF!+#REF!+#REF!+#REF!+#REF! -> #REF! | I14: =#REF!+#REF!+#REF!+#REF!+#REF!+#REF!+#REF!+#REF!+#REF!+#REF!+#REF!+#REF!+#REF!+#REF!+#REF!+#REF!+#REF!+#REF!+#REF!+#REF! -> #REF! | J14: =#REF!+#REF!+#REF!+#REF!+#REF!+#REF!+#REF!+#REF!+#REF!+#REF!+#REF!+#REF!+#REF!+#REF!+#REF!+#REF!+#REF!+#REF!+#REF!+#REF! -> #REF! | ... R14: =#REF!+#REF!+#REF!+#REF!+#REF!+#REF!+#REF!+#REF!+#REF!+#REF!+#REF!+#REF!+#REF!+#REF!+#REF!+#REF!+#REF!+#REF!+#REF!+#REF! -> #REF!
B15: Projected FTE | C15: =#REF!+#REF!+#REF!+#REF!+#REF!+#REF!+#REF!+#REF!+#REF!+#REF!+#REF!+#REF!+#REF!+#REF!+#REF!+#REF!+#REF!+#REF!+#REF!+#REF! -> #REF! | D15: =#REF!+#REF!+#REF!+#REF!+#REF!+#REF!+#REF!+#REF!+#REF!+#REF!+#REF!+#REF!+#REF!+#REF!+#REF!+#REF!+#REF!+#REF!+#REF!+#REF! -> #REF! | E15: =#REF!+#REF!+#REF!+#REF!+#REF!+#REF!+#REF!+#REF!+#REF!+#REF!+#REF!+#REF!+#REF!+#REF!+#REF!+#REF!+#REF!+#REF!+#REF!+#REF! -> #REF! | F15: =#REF!+#REF!+#REF!+#REF!+#REF!+#REF!+#REF!+#REF!+#REF!+#REF!+#REF!+#REF!+#REF!+#REF!+#REF!+#REF!+#REF!+#REF!+#REF!+#REF! -> #REF! | G15: =#REF!+#REF!+#REF!+#REF!+#REF!+#REF!+#REF!+#REF!+#REF!+#REF!+#REF!+#REF!+#REF!+#REF!+#REF!+#REF!+#REF!+#REF!+#REF!+#REF! -> #REF! | H15: =#REF!+#REF!+#REF!+#REF!+#REF!+#REF!+#REF!+#REF!+#REF!+#REF!+#REF!+#REF!+#REF!+#REF!+#REF!+#REF!+#REF!+#REF!+#REF!+#REF! -> #REF! | I15: =#REF!+#REF!+#REF!+#REF!+#REF!+#REF!+#REF!+#REF!+#REF!+#REF!+#REF!+#REF!+#REF!+#REF!+#REF!+#REF!+#REF!+#REF!+#REF!+#REF! -> #REF! | J15: =#REF!+#REF!+#REF!+#REF!+#REF!+#REF!+#REF!+#REF!+#REF!+#REF!+#REF!+#REF!+#REF!+#REF!+#REF!+#REF!+#REF!+#REF!+#REF!+#REF! -> #REF! | ... R15: =#REF!+#REF!+#REF!+#REF!+#REF!+#REF!+#REF!+#REF!+#REF!+#REF!+#REF!+#REF!+#REF!+#REF!+#REF!+#REF!+#REF!+#REF!+#REF!+#REF! -> #REF!
B16: Staffing% | C16: =IFERROR(C15/C14,"") | D16: =IFERROR(D15/D14,"") | E16: =IFERROR(E15/E14,"") | F16: =IFERROR(F15/F14,"") | G16: =IFERROR(G15/G14,"") | H16: =IFERROR(H15/H14,"") | I16: =IFERROR(I15/I14,"") | J16: =IFERROR(J15/J14,"") | ... R16: =IFERROR(R15/R14,"")
A18: India | B18: Client Requirement | C18: =#REF!+#REF! -> #REF! | D18: =#REF!+#REF! -> #REF! | E18: =#REF!+#REF! -> #REF! | F18: =#REF!+#REF! -> #REF! | G18: =#REF!+#REF! -> #REF! | H18: =#REF!+#REF! -> #REF! | I18: =#REF!+#REF! -> #REF! | J18: =#REF!+#REF! -> #REF! | ... R18: =#REF!+#REF! -> #REF!
B19: Projected FTE | C19: =#REF!+#REF! -> #REF! | D19: =#REF!+#REF! -> #REF! | E19: =#REF!+#REF! -> #REF! | F19: =#REF!+#REF! -> #REF! | G19: =#REF!+#REF! -> #REF! | H19: =#REF!+#REF! -> #REF! | I19: =#REF!+#REF! -> #REF! | J19: =#REF!+#REF! -> #REF! | ... R19: =#REF!+#REF! -> #REF!
B20: Staffing% | C20: =IFERROR(C19/C18,"") | D20: =IFERROR(D19/D18,"") | E20: =IFERROR(E19/E18,"") | F20: =IFERROR(F19/F18,"") | G20: =IFERROR(G19/G18,"") | H20: =IFERROR(H19/H18,"") | I20: =IFERROR(I19/I18,"") | J20: =IFERROR(J19/J18,"") | ... R20: =IFERROR(R19/R18,"")
A22: US | B22: Client Requirement | C22: =US!E2+US!#REF!+US!#REF!+US!#REF! -> #REF! | D22: =US!F2+US!#REF!+US!#REF!+US!#REF! -> #REF! | E22: =US!G2+US!#REF!+US!#REF!+US!#REF! -> #REF! | F22: =US!H2+US!#REF!+US!#REF!+US!#REF! -> #REF! | G22: =US!I2+US!#REF!+US!#REF!+US!#REF! -> #REF! | H22: =US!J2+US!#REF!+US!#REF!+US!#REF! -> #REF! | I22: =US!K2+US!#REF!+US!#REF!+US!#REF! -> #REF! | J22: =US!L2+US!#REF!+US!#REF!+US!#REF! -> #REF! | ... R22: =US!T2+US!#REF!+US!#REF!+US!#REF! -> #REF!
B23: Projected FTE | C23: =US!E3+US!#REF!+US!#REF!+US!#REF! -> #REF! | D23: =US!F3+US!#REF!+US!#REF!+US!#REF! -> #REF! | E23: =US!G3+US!#REF!+US!#REF!+US!#REF! -> #REF! | F23: =US!H3+US!#REF!+US!#REF!+US!#REF! -> #REF! | G23: =US!I3+US!#REF!+US!#REF!+US!#REF! -> #REF! | H23: =US!J3+US!#REF!+US!#REF!+US!#REF! -> #REF! | I23: =US!K3+US!#REF!+US!#REF!+US!#REF! -> #REF! | J23: =US!L3+US!#REF!+US!#REF!+US!#REF! -> #REF! | ... R23: =US!T3+US!#REF!+US!#REF!+US!#REF! -> #REF!
B24: Staffing% | C24: =IFERROR(C23/C22,"") | D24: =IFERROR(D23/D22,"") | E24: =IFERROR(E23/E22,"") | F24: =IFERROR(F23/F22,"") | G24: =IFERROR(G23/G22,"") | H24: =IFERROR(H23/H22,"") | I24: =IFERROR(I23/I22,"") | J24: =IFERROR(J23/J22,"") | ... R24: =IFERROR(R23/R22,"")
A26: Mexico | B26: Client Requirement | C26: =#REF!+#REF!+#REF!+#REF!+#REF!+#REF!+#REF!+#REF!+#REF! -> #REF! | D26: =#REF!+#REF!+#REF!+#REF!+#REF!+#REF!+#REF!+#REF!+#REF! -> #REF! | E26: =#REF!+#REF!+#REF!+#REF!+#REF!+#REF!+#REF!+#REF!+#REF! -> #REF! | F26: =#REF!+#REF!+#REF!+#REF!+#REF!+#REF!+#REF!+#REF!+#REF! -> #REF! | G26: =#REF!+#REF!+#REF!+#REF!+#REF!+#REF!+#REF!+#REF!+#REF! -> #REF! | H26: =#REF!+#REF!+#REF!+#REF!+#REF!+#REF!+#REF!+#REF!+#REF! -> #REF! | I26: =#REF!+#REF!+#REF!+#REF!+#REF!+#REF!+#REF!+#REF!+#REF! -> #REF! | J26: =#REF!+#REF!+#REF!+#REF!+#REF!+#REF!+#REF!+#REF!+#REF! -> #REF! | ... R26: =#REF!+#REF!+#REF!+#REF!+#REF!+#REF!+#REF!+#REF!+#REF! -> #REF!
B27: Projected FTE | C27: =#REF!+#REF!+#REF!+#REF!+#REF!+#REF!+#REF!+#REF!+#REF! -> #REF! | D27: =#REF!+#REF!+#REF!+#REF!+#REF!+#REF!+#REF!+#REF!+#REF! -> #REF! | E27: =#REF!+#REF!+#REF!+#REF!+#REF!+#REF!+#REF!+#REF!+#REF! -> #REF! | F27: =#REF!+#REF!+#REF!+#REF!+#REF!+#REF!+#REF!+#REF!+#REF! -> #REF! | G27: =#REF!+#REF!+#REF!+#REF!+#REF!+#REF!+#REF!+#REF!+#REF! -> #REF! | H27: =#REF!+#REF!+#REF!+#REF!+#REF!+#REF!+#REF!+#REF!+#REF! -> #REF! | I27: =#REF!+#REF!+#REF!+#REF!+#REF!+#REF!+#REF!+#REF!+#REF! -> #REF! | J27: =#REF!+#REF!+#REF!+#REF!+#REF!+#REF!+#REF!+#REF!+#REF! -> #REF! | ... R27: =#REF!+#REF!+#REF!+#REF!+#REF!+#REF!+#REF!+#REF!+#REF! -> #REF!
B28: Staffing% | C28: =IFERROR(C27/C26,"") | D28: =IFERROR(D27/D26,"") | E28: =IFERROR(E27/E26,"") | F28: =IFERROR(F27/F26,"") | G28: =IFERROR(G27/G26,"") | H28: =IFERROR(H27/H26,"") | I28: =IFERROR(I27/I26,"") | J28: =IFERROR(J27/J26,"") | ... R28: =IFERROR(R27/R26,"")
A30: Jamaica | B30: Client Requirement | C30: =#REF!+#REF!+#REF!+#REF!+#REF! -> #REF! | D30: =#REF!+#REF!+#REF!+#REF!+#REF! -> #REF! | E30: =#REF!+#REF!+#REF!+#REF!+#REF! -> #REF! | F30: =#REF!+#REF!+#REF!+#REF!+#REF! -> #REF! | G30: =#REF!+#REF!+#REF!+#REF!+#REF! -> #REF! | H30: =#REF!+#REF!+#REF!+#REF!+#REF! -> #REF! | I30: =#REF!+#REF!+#REF!+#REF!+#REF! -> #REF! | J30: =#REF!+#REF!+#REF!+#REF!+#REF! -> #REF! | ... R30: =#REF!+#REF!+#REF!+#REF!+#REF! -> #REF!
B31: Projected FTE | C31: =#REF!+#REF!+#REF!+#REF!+#REF! -> #REF! | D31: =#REF!+#REF!+#REF!+#REF!+#REF! -> #REF! | E31: =#REF!+#REF!+#REF!+#REF!+#REF! -> #REF! | F31: =#REF!+#REF!+#REF!+#REF!+#REF! -> #REF! | G31: =#REF!+#REF!+#REF!+#REF!+#REF! -> #REF! | H31: =#REF!+#REF!+#REF!+#REF!+#REF! -> #REF! | I31: =#REF!+#REF!+#REF!+#REF!+#REF! -> #REF! | J31: =#REF!+#REF!+#REF!+#REF!+#REF! -> #REF! | ... R31: =#REF!+#REF!+#REF!+#REF!+#REF! -> #REF!
B32: Staffing% | C32: =IFERROR(C31/C30,"") | D32: =IFERROR(D31/D30,"") | E32: =IFERROR(E31/E30,"") | F32: =IFERROR(F31/F30,"") | G32: =IFERROR(G31/G30,"") | H32: =IFERROR(H31/H30,"") | I32: =IFERROR(I31/I30,"") | J32: =IFERROR(J31/J30,"") | ... R32: =IFERROR(R31/R30,"")

Sheet Canada
A1: H2R Department | B1: Client Name | C1: Country | E1: 45340 | F1: =E1+7 -> 45347 | G1: =F1+7 -> 45354 | H1: =G1+7 -> 45361 | I1: =H1+7 -> 45368 | J1: =I1+7 -> 45375 | K1: =J1+7 -> 45382 | L1: =K1+7 -> 45389 | M1: =L1+7 -> 45396 | ... EY1: =EX1+7 -> 46390
A2: Door Dash | B2: DoorDash Montreal | C2: Canada | D2: Budget | Q2: 21 | R2: 28 | S2: 28 | T2: 28 | U2: 28 | V2: 28 | W2: 28 | X2: 28 | Y2: 28 | Z2: 28 | AA2: 28 | AB2: 28 | AC2: 28 | AD2: 28 | AE2: 28 | AF2: 28 | AG2: 28 | AH2: 28 | AI2: 28 | AJ2: 28 | AK2: 28 | AL2: 28 | AM2: 28 | AN2: 28 | AO2: 28 | AP2: 28 | AQ2: 28 | AR2: 28 | AS2: 28 | AT2: 28 | AU2: =AT2 -> 28 | AV2: =AU2 -> 28 | AW2: 28
D3: Forecast | P3: 0 | Q3: 22 | R3: 22 | S3: 22 | T3: 11 | U3: 21 | V3: 21 | W3: 17 | X3: 28 | Y3: 24 | Z3: 27 | AA3: 27 | AB3: 27 | AC3: 25 | AD3: 27 | AE3: 19 | AF3: 11 | AG3: 19 | AH3: 17 | AI3: 17 | AJ3: 27 | AK3: 27 | AL3: 27 | AM3: 27 | AN3: 27 | AO3: 30 | AP3: 30 | AQ3: 27 | AR3: 27 | AS3: 31 | AT3: 27 | AU3: 27 | AV3: 27 | AW3: 30 | AX3: 31 | AY3: 27 | AZ3: 27 | BA3: 27 | BB3: 27 | BC3: 27 | BD3: 27 | BE3: 27 | BF3: 27 | BG3: 27 | BH3: 27 | BI3: 27 | BJ3: 28 | BK3: 28 | BL3: 28 | BM3: 27 | BN3: 28 | BO3: 27 | BP3: 25 | BQ3: 25 | BR3: 24 | BS3: 23 | BT3: 23 | BU3: 23 | BV3: 22 | BW3: 22 | BX3: 9
D4: Required | P4: 19.55 | Q4: 18.7 | R4: 18.513 | S4: 20.196 | T4: 10.098 | U4: 20.0376 | V4: 29.6208 | W4: 16 | X4: 25 | Y4: 24 | Z4: 24 | AA4: 24 | AB4: 22 | AC4: 19 | AD4: 28 | AE4: 12 | AF4: 21 | AG4: 21 | AH4: 17 | AI4: 16 | AJ4: 23 | AK4: 22 | AL4: 22 | AM4: 21 | AN4: 20 | AO4: 20 | AP4: 20 | AQ4: 20 | AR4: 27 | AS4: 34 | AT4: 34 | AU4: 36 | AV4: 34 | AW4: 34 | AX4: 34 | AY4: 33 | AZ4: 31 | BA4: 30 | BB4: 30 | BC4: 29 | BD4: 27 | BE4: 27 | BF4: 25 | BG4: 29 | BH4: 28 | BI4: 28 | BJ4: 29 | BK4: 30 | BL4: 29 | BM4: 25 | BN4: 26 | BO4: 25 | BP4: 24 | BQ4: 22 | BR4: 21 | BS4: 21 | BT4: 20 | BU4: 18 | BV4: 17 | BW4: 16 | BX4: 14
D5: Projected | AA5: 27 | AB5: 26 | AC5: 22 | AD5: 34 | AE5: 14 | AF5: 25 | AG5: 25 | AH5: 30 | AI5: 29 | AJ5: 29 | AK5: 28 | AL5: 27 | AM5: 26 | AN5: 26 | AO5: 26 | AP5: 26 | AQ5: 25 | AR5: 46 | AS5: 46 | AT5: 44 | AU5: 44 | AV5: 43 | AW5: 42 | AX5: 42 | AY5: 40 | AZ5: 38 | BA5: 37 | BB5: 37 | BC5: 36 | BD5: 34 | BE5: 33 | BF5: 31 | BG5: 31 | BH5: 31 | BI5: 31 | BJ5: 31 | BK5: 33 | BL5: 33 | BM5: 31 | BN5: 30 | BO5: 29 | BP5: 28 | BQ5: 26 | BR5: 25 | BS5: 24 | BT5: 23 | BU5: 21 | BV5: 20 | BW5: 19 | BX5: 17
D6: Budget Vs Actual | E6: =E4/E2 -> #DIV/0! | F6: =F4/F2 -> #DIV/0! | G6: =G4/G2 -> #DIV/0! | H6: =H4/H2 -> #DIV/0! | I6: =I4/I2 -> #DIV/0! | J6: =J4/J2 -> #DIV/0! | K6: =K4/K2 -> #DIV/0! | L6: =L4/L2 -> #DIV/0! | ... EY6: =EY4/EY2 -> #DIV/0!
D7: Forecast Vs Actual | E7: =E4/E3 -> #DIV/0! | F7: =F4/F3 -> #DIV/0! | G7: =G4/G3 -> #DIV/0! | H7: =H4/H3 -> #DIV/0! | I7: =I4/I3 -> #DIV/0! | J7: =J4/J3 -> #DIV/0! | K7: =K4/K3 -> #DIV/0! | L7: =L4/L3 -> #DIV/0! | ... AA7: =AA4/AA3 -> 0.88888889 | AB7: =AB5/AB3 -> 0.96296296 | AC7: =AC5/AC3 -> 0.88 | AD7: =AD5/AD3 -> 1.2592593 | AE7: =AE5/AE3 -> 0.73684211 | AF7: =AF5/AF3 -> 2.2727273 | AG7: =AG5/AG3 -> 1.3157895 | AH7: =AH5/AH3 -> 1.7647059 | AI7: =AI5/AI3 -> 1.7058824 | ... AR7: =AR5/AR3 -> 1.7037037 | AS7: =AS4/AS3 -> 1.0967742 | AT7: =AT4/AT3 -> 1.2592593 | AU7: =AU4/AU3 -> 1.3333333 | AV7: =AV4/AV3 -> 1.2592593 | AW7: =AW4/AW3 -> 1.1333333 | AX7: =AX4/AX3 -> 1.0967742 | AY7: =AY4/AY3 -> 1.2222222 | AZ7: =AZ4/AZ3 -> 1.1481481 | ... EY7: =EY4/EY3 -> #DIV/0!
A9: Hard Rock Hotels and Casino | B9: Hard Rock | C9: Canada | D9: Budget
D10: Forecast | BT10: 10 | BU10: 7 | BV10: 10 | BW10: 10 | BX10: 10 | BY10: 10 | BZ10: 10 | CA10: 10 | CB10: 9 | CC10: 9 | CD10: 9 | CE10: 9 | CF10: 9 | CG10: 9 | CH10: 9 | CI10: 9 | CJ10: 9 | CK10: 9 | CL10: 9 | CM10: 9 | CN10: 9 | CO10: 9 | CP10: 9 | CQ10: 9 | CR10: 9 | CS10: 9 | CT10: 9 | CU10: 9 | CV10: 9 | CW10: 9 | CX10: 9 | CY10: 9 | CZ10: 9 | DA10: 9 | DB10: 9 | DC10: 9 | DD10: 9 | DE10: 9 | DF10: 9 | DG10: 9 | DH10: 9 | DI10: 21 | DJ10: 21 | DK10: 21 | DL10: 34 | DM10: 33 | DN10: 30 | DO10: 34 | DP10: 34 | DQ10: 33 | DR10: 33 | DS10: 33 | DT10: 33 | DU10: 33 | DV10: 32 | DW10: 32 | DX10: 32 | DY10: 30 | DZ10: 30 | EA10: 30 | EB10: 30 | EC10: 30 | ED10: 30 | EE10: 30 | EF10: 30 | EG10: 30 | EH10: 30 | EI10: 30 | EJ10: 30 | EK10: 30 | EL10: 30 | EM10: 30 | EN10: 30 | EO10: 30 | EP10: 30 | EQ10: 30 | ER10: 30 | ES10: 30 | ET10: 30 | EU10: 9 | EV10: 9 | EW10: 9 | EX10: 9 | EY10: 9
D11: Required | BT11: 10 | BU11: 7 | BV11: 6 | BW11: 6 | BX11: 9.4 | BY11: 15 | BZ11: 14 | CA11: 14 | CB11: 14 | CC11: 13 | CD11: =CD10*1.1 -> 9.9 | CE11: =CE10*1.1 -> 9.9 | CF11: 13 | CG11: 13 | CH11: 12 | CI11: 13 | CJ11: 13 | CK11: 13 | CL11: 12 | CM11: 12 | CN11: 12 | CO11: 12 | CP11: 11 | CQ11: 9 | CR11: 10 | CS11: 10 | CT11: 11 | CU11: 11 | CV11: 11 | CW11: 11 | CX11: 10 | CY11: 10 | CZ11: 10 | DA11: 10 | DB11: 10 | DC11: 10 | DD11: 10 | DE11: 9 | DF11: 8 | DG11: 7 | DH11: 8 | DI11: 24 | DJ11: 28 | DK11: 18 | DL11: 34 | DM11: 42.5 | DN11: 42.5 | DO11: 36 | DP11: 34 | DQ11: 31 | DR11: 35 | DS11: 30 | DT11: 30 | DU11: 30 | DV11: 37 | DW11: 37 | DX11: 39 | DY11: 36 | DZ11: 33 | EA11: 33 | EB11: 40 | EC11: 39 | ED11: 38 | EE11: 36 | EF11: 43.57 | EG11: 41.57 | EH11: 39.57 | EI11: 37.57 | EJ11: 35.57 | EK11: 33.57 | EL11: 40.251904 | EM11: 38.251904 | EN11: 36.251904 | EO11: 34.251904 | EP11: 32.251904 | EQ11: 30.251904 | ER11: 36.933808 | ES11: 34.933808 | ET11: 32.933808 | EU11: 7.85439 | EV11: 7.85439 | EW11: 7.85439 | EX11: 7.85439 | EY11: 8.26216
D12: Projected | BT12: 8 | BU12: =BU11 -> 7 | BV12: 6 | BW12: 6 | BX12: 8.89 | BY12: 8.89 | BZ12: 11.336975 | CA12: 11.336975 | CB12: 11.336975 | CC12: =CC11 -> 13 | CD12: 13 | CE12: 13 | CF12: 13 | CG12: 13 | CH12: 12 | CI12: 12 | CJ12: 12 | CK12: 12 | CL12: 11 | CM12: 11 | CN12: 11 | CO12: 11 | CP12: 10 | CQ12: 10 | CR12: 10 | CS12: =CS11 -> 10 | CT12: =CT11 -> 11 | CU12: =CU11 -> 11 | CV12: =CV11 -> 11 | CW12: =CW11 -> 11 | CX12: =CX11 -> 10 | CY12: =CY11 -> 10 | CZ12: =CZ11 -> 10 | ... EY12: =EY11 -> 8.26216
D13: Budget Vs Actual | E13: =E11/E9 -> #DIV/0! | F13: =F11/F9 -> #DIV/0! | G13: =G11/G9 -> #DIV/0! | H13: =H11/H9 -> #DIV/0! | I13: =I11/I9 -> #DIV/0! | J13: =J11/J9 -> #DIV/0! | K13: =K11/K9 -> #DIV/0! | L13: =L11/L9 -> #DIV/0! | ... EY13: =EY11/EY9 -> #DIV/0!
D14: Forecast Vs Actual | E14: =E11/E10 -> #DIV/0! | F14: =F11/F10 -> #DIV/0! | G14: =G11/G10 -> #DIV/0! | H14: =H11/H10 -> #DIV/0! | I14: =I11/I10 -> #DIV/0! | J14: =J11/J10 -> #DIV/0! | K14: =K11/K10 -> #DIV/0! | L14: =L11/L10 -> #DIV/0! | ... AA14: =AA11/AA10 -> #DIV/0! | AB14: =AB12/AB10 -> #DIV/0! | AC14: =AC12/AC10 -> #DIV/0! | AD14: =AD12/AD10 -> #DIV/0! | AE14: =AE12/AE10 -> #DIV/0! | AF14: =AF12/AF10 -> #DIV/0! | AG14: =AG12/AG10 -> #DIV/0! | AH14: =AH12/AH10 -> #DIV/0! | AI14: =AI12/AI10 -> #DIV/0! | ... AR14: =AR12/AR10 -> #DIV/0! | AS14: =AS11/AS10 -> #DIV/0! | AT14: =AT11/AT10 -> #DIV/0! | AU14: =AU11/AU10 -> #DIV/0! | AV14: =AV11/AV10 -> #DIV/0! | AW14: =AW11/AW10 -> #DIV/0! | AX14: =AX11/AX10 -> #DIV/0! | AY14: =AY11/AY10 -> #DIV/0! | AZ14: =AZ11/AZ10 -> #DIV/0! | ... EY14: =EY11/EY10 -> 0.91801778
A16: CAA | B16: CAA | C16: Canada | D16: Budget
D17: Forecast | CG17: 26 | CH17: 26 | CI17: 23 | CJ17: 23 | CK17: 23 | CL17: 23 | CM17: 23 | CN17: 23 | CO17: 23 | CP17: 23 | CQ17: 23 | CR17: 23 | CS17: 23 | CT17: 23 | CU17: 23 | CV17: 23 | CW17: 23 | CX17: 23 | CY17: 23 | CZ17: 23 | DA17: 23 | DB17: 23 | DC17: 23 | DD17: 23 | DE17: 23 | DF17: 23 | DG17: 23 | DH17: 23 | DI17: 23 | DJ17: 23 | DK17: 23 | DL17: 23 | DM17: 23 | DN17: 23 | DO17: 23 | DP17: 23 | DQ17: 23 | DR17: 23 | DS17: 23 | DT17: 23 | DU17: 23 | DV17: 23 | DW17: 23 | DX17: 23 | DY17: 23 | DZ17: 15 | EA17: 15 | EB17: 15 | EC17: 15 | ED17: 15 | EE17: 15 | EF17: 15 | EG17: 15 | EH17: 15 | EI17: 15 | EJ17: 15 | EK17: 15 | EL17: 15 | EM17: 15 | EN17: 15 | EO17: 15 | EP17: 15 | EQ17: 15 | ER17: 15 | ES17: 15 | ET17: 15 | EU17: 23 | EV17: 23 | EW17: 23 | EX17: 23 | EY17: 23
D18: Required | CG18: 14 | CH18: 22.4 | CI18: 24 | CJ18: 22 | CK18: 21 | CL18: 21 | CM18: 21 | CN18: 19 | CO18: 26 | CP18: 26 | CQ18: 25 | CR18: 25 | CS18: 23 | CT18: 23 | CU18: 21 | CV18: 21 | CW18: 26 | CX18: 25 | CY18: 24 | CZ18: 22 | DA18: 22 | DB18: 22 | DC18: 22 | DD18: 22 | DE18: 31 | DF18: 31 | DG18: 31 | DH18: 29 | DI18: 29 | DJ18: 28 | DK18: 28 | DL18: 27 | DM18: 26.657 | DN18: 27.025 | DO18: 27.094 | DP18: 27.37 | DQ18: 26.542 | DR18: 26.542 | DS18: 27.37 | DT18: 28.175 | DU18: 28.175 | DV18: 28.175 | DW18: 28.129 | DX18: 28.129 | DY18: 27.301 | DZ18: 17.3955 | EA18: 17.3955 | EB18: 17.3955 | EC18: 17.3955 | ED18: 17.3955 | EE18: 17.3955 | EF18: 17.3955 | EG18: 17.3955 | EH18: 17.3955 | EI18: 17.3955 | EJ18: 17.3955 | EK18: 17.3955 | EL18: 17.3955 | EM18: 17.3955 | EN18: 17.3955 | EO18: 17.3955 | EP18: 17.3955 | EQ18: 17.3955 | ER18: 17.3955 | ES18: 17.3955 | ET18: 17.3955 | EU18: 23.535825 | EV18: 22.535825 | EW18: 22.535825 | EX18: 21.535825 | EY18: 21.535825
D19: Projected | CG19: =CG18 -> 14 | CH19: =CH18 -> 22.4 | CI19: =CI18 -> 24 | CJ19: =CJ18 -> 22 | CK19: =CK18 -> 21 | CL19: =CL18 -> 21 | CM19: =CM18 -> 21 | CN19: =CN18 -> 19 | ... EY19: =EY18 -> 21.535825
D20: Budget Vs Actual | E20: =E18/E16 -> #DIV/0! | F20: =F18/F16 -> #DIV/0! | G20: =G18/G16 -> #DIV/0! | H20: =H18/H16 -> #DIV/0! | I20: =I18/I16 -> #DIV/0! | J20: =J18/J16 -> #DIV/0! | K20: =K18/K16 -> #DIV/0! | L20: =L18/L16 -> #DIV/0! | ... EY20: =EY18/EY16 -> #DIV/0!
D21: Forecast Vs Actual | E21: =E18/E17 -> #DIV/0! | F21: =F18/F17 -> #DIV/0! | G21: =G18/G17 -> #DIV/0! | H21: =H18/H17 -> #DIV/0! | I21: =I18/I17 -> #DIV/0! | J21: =J18/J17 -> #DIV/0! | K21: =K18/K17 -> #DIV/0! | L21: =L18/L17 -> #DIV/0! | ... AA21: =AA18/AA17 -> #DIV/0! | AB21: =AB19/AB17 -> #DIV/0! | AC21: =AC19/AC17 -> #DIV/0! | AD21: =AD19/AD17 -> #DIV/0! | AE21: =AE19/AE17 -> #DIV/0! | AF21: =AF19/AF17 -> #DIV/0! | AG21: =AG19/AG17 -> #DIV/0! | AH21: =AH19/AH17 -> #DIV/0! | AI21: =AI19/AI17 -> #DIV/0! | ... AR21: =AR19/AR17 -> #DIV/0! | AS21: =AS18/AS17 -> #DIV/0! | AT21: =AT18/AT17 -> #DIV/0! | AU21: =AU18/AU17 -> #DIV/0! | AV21: =AV18/AV17 -> #DIV/0! | AW21: =AW18/AW17 -> #DIV/0! | AX21: =AX18/AX17 -> #DIV/0! | AY21: =AY18/AY17 -> #DIV/0! | AZ21: =AZ18/AZ17 -> #DIV/0! | ... EY21: =EY18/EY17 -> 0.93634022
A23: Caillac Fairview | B23: Cadillac | C23: Canada | D23: Budget
D24: Forecast | DE24: 14.5 | DF24: 14.5 | DG24: 14.5 | DH24: 14.5 | DI24: 14.5 | DJ24: 14.5 | DK24: 14.5 | DL24: 14.5 | DM24: 14.5 | DN24: 14.5 | DO24: 14.5 | DP24: 14.5 | DQ24: 14.5 | DR24: 14.5 | DS24: 14.5 | DT24: 14.5 | DU24: 14.5 | DV24: 14.5 | DW24: 14.5 | DX24: 14.5 | DY24: 14.5 | DZ24: 14.5 | EA24: 14.5 | EB24: 14.5 | EC24: 14.5 | ED24: 14.5 | EE24: 14.5 | EF24: 14.5 | EG24: 14.5 | EH24: 14.5 | EI24: 14.5 | EJ24: 14.5 | EK24: 14.5 | EL24: 14.5 | EM24: 14.5 | EN24: 14.5 | EO24: 14.5 | EP24: 14.5 | EQ24: 14.5 | ER24: 14.5 | ES24: 14.5 | ET24: 14.5
D25: Required | DE25: 15 | DF25: 14 | DG25: 15 | DH25: 13 | DI25: 13 | DJ25: 12 | DK25: 11 | DL25: 17 | DM25: 17 | DN25: 17 | DO25: 17 | DP25: 17 | DQ25: 17 | DR25: 17 | DS25: 17 | DT25: 17 | DU25: 17 | DV25: 17 | DW25: 17 | DX25: 15 | DY25: 16 | DZ25: 16 | EA25: 14 | EB25: 14 | EC25: 18 | ED25: 18 | EE25: 18 | EF25: 18 | EG25: 18 | EH25: 18 | EI25: 18 | EJ25: 18 | EK25: 17 | EL25: 17 | EM25: 17 | EN25: 17 | EO25: 16 | EP25: 16 | EQ25: 16 | ER25: 16 | ES25: 15 | ET25: 17.928893
D26: Projected | DE26: =DE25 -> 15 | DF26: =DF25 -> 14 | DG26: =DG25 -> 15 | DH26: =DH25 -> 13 | DI26: =DI25 -> 13 | DJ26: =DJ25 -> 12 | DK26: =DK25 -> 11 | DL26: =DL25 -> 17 | ... EY26: =EY25 -> 0
D27: Budget Vs Actual | E27: =E25/E23 -> #DIV/0! | F27: =F25/F23 -> #DIV/0! | G27: =G25/G23 -> #DIV/0! | H27: =H25/H23 -> #DIV/0! | I27: =I25/I23 -> #DIV/0! | J27: =J25/J23 -> #DIV/0! | K27: =K25/K23 -> #DIV/0! | L27: =L25/L23 -> #DIV/0! | ... EY27: =EY25/EY23 -> #DIV/0!
D28: Forecast Vs Actual | E28: =E25/E24 -> #DIV/0! | F28: =F25/F24 -> #DIV/0! | G28: =G25/G24 -> #DIV/0! | H28: =H25/H24 -> #DIV/0! | I28: =I25/I24 -> #DIV/0! | J28: =J25/J24 -> #DIV/0! | K28: =K25/K24 -> #DIV/0! | L28: =L25/L24 -> #DIV/0! | ... AA28: =AA25/AA24 -> #DIV/0! | AB28: =AB26/AB24 -> #DIV/0! | AC28: =AC26/AC24 -> #DIV/0! | AD28: =AD26/AD24 -> #DIV/0! | AE28: =AE26/AE24 -> #DIV/0! | AF28: =AF26/AF24 -> #DIV/0! | AG28: =AG26/AG24 -> #DIV/0! | AH28: =AH26/AH24 -> #DIV/0! | AI28: =AI26/AI24 -> #DIV/0! | ... AR28: =AR26/AR24 -> #DIV/0! | AS28: =AS25/AS24 -> #DIV/0! | AT28: =AT25/AT24 -> #DIV/0! | AU28: =AU25/AU24 -> #DIV/0! | AV28: =AV25/AV24 -> #DIV/0! | AW28: =AW25/AW24 -> #DIV/0! | AX28: =AX25/AX24 -> #DIV/0! | AY28: =AY25/AY24 -> #DIV/0! | AZ28: =AZ25/AZ24 -> #DIV/0! | ... EY28: =EY25/EY24 -> #DIV/0!
A30: Canada Total Reporting to Mir | B30: Canada Mir Total | C30: Canada | D30: Budget | BT30: =BT2+BT9+BT16 -> 0 | BU30: =BU2+BU9+BU16 -> 0 | BV30: =BV2+BV9+BV16 -> 0 | BW30: =BW2+BW9+BW16 -> 0 | BX30: =BX2+BX9+BX16 -> 0 | BY30: =BY2+BY9+BY16 -> 0 | BZ30: =BZ2+BZ9+BZ16 -> 0 | CA30: =CA2+CA9+CA16 -> 0 | ... EY30: =EY2+EY9+EY16 -> 0
D31: Forecast | BT31: =BT3+BT10+BT17 -> 33 | BU31: =BU3+BU10+BU17 -> 30 | BV31: =BV3+BV10+BV17 -> 32 | BW31: =BW3+BW10+BW17 -> 32 | BX31: =BX3+BX10+BX17 -> 19 | BY31: =BY3+BY10+BY17 -> 10 | BZ31: =BZ3+BZ10+BZ17 -> 10 | CA31: =CA3+CA10+CA17 -> 10 | ... DD31: =DD3+DD10+DD17 -> 32 | DE31: =DE3+DE10+DE17+DE24 -> 46.5 | DF31: =DF3+DF10+DF17+DF24 -> 46.5 | DG31: =DG3+DG10+DG17+DG24 -> 46.5 | DH31: =DH3+DH10+DH17+DH24 -> 46.5 | DI31: =DI3+DI10+DI17+DI24 -> 58.5 | DJ31: =DJ3+DJ10+DJ17+DJ24 -> 58.5 | DK31: =DK3+DK10+DK17+DK24 -> 58.5 | DL31: =DL3+DL10+DL17+DL24 -> 71.5 | ... DT31: =DT3+DT10+DT17+DT24 -> 70.5 | DU31: =DU3+DU10+DU17 -> 56 | DV31: =DV3+DV10+DV17 -> 55 | DW31: =DW3+DW10+DW17 -> 55 | DX31: =DX3+DX10+DX17 -> 55 | DY31: =DY3+DY10+DY17 -> 53 | DZ31: =DZ3+DZ10+DZ17 -> 45 | EA31: =EA3+EA10+EA17 -> 45 | EB31: =EB3+EB10+EB17 -> 45 | ... EY31: =EY3+EY10+EY17 -> 32
D32: Required | BT32: =BT4+BT11+BT18 -> 30 | BU32: =BU4+BU11+BU18 -> 25 | BV32: =BV4+BV11+BV18 -> 23 | BW32: =BW4+BW11+BW18 -> 22 | BX32: =BX4+BX11+BX18 -> 23.4 | BY32: =BY4+BY11+BY18 -> 15 | BZ32: =BZ4+BZ11+BZ18 -> 14 | CA32: =CA4+CA11+CA18 -> 14 | ... DD32: =DD4+DD11+DD18 -> 32 | DE32: =DE4+DE11+DE18+DE25 -> 55 | DF32: =DF4+DF11+DF18+DF25 -> 53 | DG32: =DG4+DG11+DG18+DG25 -> 53 | DH32: =DH4+DH11+DH18+DH25 -> 50 | DI32: =DI4+DI11+DI18+DI25 -> 66 | DJ32: =DJ4+DJ11+DJ18+DJ25 -> 68 | DK32: =DK4+DK11+DK18+DK25 -> 57 | DL32: =DL4+DL11+DL18+DL25 -> 78 | ... DT32: =DT4+DT11+DT18+DT25 -> 75.175 | DU32: =DU4+DU11+DU18 -> 58.175 | DV32: =DV4+DV11+DV18 -> 65.175 | DW32: =DW4+DW11+DW18 -> 65.129 | DX32: =DX4+DX11+DX18 -> 67.129 | DY32: =DY4+DY11+DY18 -> 63.301 | DZ32: =DZ4+DZ11+DZ18 -> 50.3955 | EA32: =EA4+EA11+EA18 -> 50.3955 | EB32: =EB4+EB11+EB18 -> 57.3955 | ... EY32: =EY4+EY11+EY18 -> 29.797985
D33: Projected | BT33: =BT5+BT12+BT19 -> 31 | BU33: =BU5+BU12+BU19 -> 28 | BV33: =BV5+BV12+BV19 -> 26 | BW33: =BW5+BW12+BW19 -> 25 | BX33: =BX5+BX12+BX19 -> 25.89 | BY33: =BY5+BY12+BY19 -> 8.89 | BZ33: =BZ5+BZ12+BZ19 -> 11.336975 | CA33: =CA5+CA12+CA19 -> 11.336975 | ... DD33: =DD5+DD12+DD19 -> 32 | DE33: =DE5+DE12+DE19+DE26 -> 55 | DF33: =DF5+DF12+DF19+DF26 -> 53 | DG33: =DG5+DG12+DG19+DG26 -> 53 | DH33: =DH5+DH12+DH19+DH26 -> 50 | DI33: =DI5+DI12+DI19+DI26 -> 66 | DJ33: =DJ5+DJ12+DJ19+DJ26 -> 68 | DK33: =DK5+DK12+DK19+DK26 -> 57 | DL33: =DL5+DL12+DL19+DL26 -> 78 | ... DT33: =DT5+DT12+DT19+DT26 -> 75.175 | DU33: =DU5+DU12+DU19 -> 58.175 | DV33: =DV5+DV12+DV19 -> 65.175 | DW33: =DW5+DW12+DW19 -> 65.129 | DX33: =DX5+DX12+DX19 -> 67.129 | DY33: =DY5+DY12+DY19 -> 63.301 | DZ33: =DZ5+DZ12+DZ19 -> 50.3955 | EA33: =EA5+EA12+EA19 -> 50.3955 | EB33: =EB5+EB12+EB19 -> 57.3955 | ... EY33: =EY5+EY12+EY19 -> 29.797985
D34: Budget Vs Actual | E34: =E32/E30 -> #DIV/0! | F34: =F32/F30 -> #DIV/0! | G34: =G32/G30 -> #DIV/0! | H34: =H32/H30 -> #DIV/0! | I34: =I32/I30 -> #DIV/0! | J34: =J32/J30 -> #DIV/0! | K34: =K32/K30 -> #DIV/0! | L34: =L32/L30 -> #DIV/0! | ... EY34: =EY32/EY30 -> #DIV/0!
D35: Forecast Vs Actual | E35: =E32/E31 -> #DIV/0! | F35: =F32/F31 -> #DIV/0! | G35: =G32/G31 -> #DIV/0! | H35: =H32/H31 -> #DIV/0! | I35: =I32/I31 -> #DIV/0! | J35: =J32/J31 -> #DIV/0! | K35: =K32/K31 -> #DIV/0! | L35: =L32/L31 -> #DIV/0! | ... AA35: =AA32/AA31 -> #DIV/0! | AB35: =AB33/AB31 -> #DIV/0! | AC35: =AC33/AC31 -> #DIV/0! | AD35: =AD33/AD31 -> #DIV/0! | AE35: =AE33/AE31 -> #DIV/0! | AF35: =AF33/AF31 -> #DIV/0! | AG35: =AG33/AG31 -> #DIV/0! | AH35: =AH33/AH31 -> #DIV/0! | AI35: =AI33/AI31 -> #DIV/0! | ... AR35: =AR33/AR31 -> #DIV/0! | AS35: =AS32/AS31 -> #DIV/0! | AT35: =AT32/AT31 -> #DIV/0! | AU35: =AU32/AU31 -> #DIV/0! | AV35: =AV32/AV31 -> #DIV/0! | AW35: =AW32/AW31 -> #DIV/0! | AX35: =AX32/AX31 -> #DIV/0! | AY35: =AY32/AY31 -> #DIV/0! | AZ35: =AZ32/AZ31 -> #DIV/0! | ... EY35: =EY32/EY31 -> 0.93118703

Sheet US
A1: H2R Department | B1: Client Name | C1: Country | E1: 45340 | F1: =E1+7 -> 45347 | G1: =F1+7 -> 45354 | H1: =G1+7 -> 45361 | I1: =H1+7 -> 45368 | J1: =I1+7 -> 45375 | K1: =J1+7 -> 45382 | L1: =K1+7 -> 45389 | M1: =L1+7 -> 45396 | ... EY1: =EX1+7 -> 46390
A2: DoorDash USA | B2: DoorDash USA | C2: USA | D2: Budget | E2: 100 | F2: 100 | G2: 100 | H2: 100 | I2: 100 | J2: 100 | K2: 100 | L2: 100 | M2: 100 | N2: 100 | O2: 100 | P2: 100 | Q2: 100 | R2: 100 | S2: 100 | T2: 100 | U2: 100 | V2: 100 | W2: 100 | X2: 100 | Y2: 100 | Z2: 100 | AA2: 100 | AB2: 100 | AC2: 100 | AD2: 100 | AE2: 100 | AF2: 100 | AG2: 100 | AH2: 100 | AI2: 100 | AJ2: 100 | AK2: 100 | AL2: 100 | AM2: 100 | AN2: 100 | AO2: 100 | AP2: 100 | AQ2: 100 | AR2: 100 | AS2: 100 | AT2: 100 | AU2: 100 | AV2: 100 | AW2: 100
D3: Forecast | E3: 71 | F3: 71 | G3: 81 | H3: 71 | I3: 64 | J3: 73 | K3: 71 | L3: 63 | M3: 68 | N3: 66 | O3: 51 | P3: 55 | Q3: 57 | R3: 59 | S3: 53 | T3: 69 | U3: 71 | V3: 70 | W3: 76 | X3: 75 | Y3: 78 | Z3: 83 | AA3: 86 | AB3: 103 | AC3: 101 | AD3: 95 | AE3: 90 | AF3: 90 | AG3: 101 | AH3: 95 | AI3: 82 | AJ3: 83 | AK3: 72 | AL3: 68 | AM3: 51 | AN3: 44 | AO3: 48 | AP3: 44 | AQ3: 48 | AR3: 44 | AS3: 38 | AT3: 34 | AU3: 34 | AV3: 34 | AW3: 35 | AX3: 44 | AY3: 40 | AZ3: 40 | BA3: 40 | BB3: 40 | BC3: 40 | BD3: 40 | BE3: 40 | BF3: 40 | BG3: 40 | BH3: 38 | BI3: 38 | BJ3: 50 | BK3: 50 | BL3: 50 | BM3: 50 | BN3: 50 | BO3: 48 | BP3: 48 | BQ3: 48 | BR3: 47 | BS3: 47 | BT3: 47 | BU3: 45 | BV3: 45 | BW3: 45 | BX3: 19
D4: Required | E4: 70.835983 | F4: 62.79435 | G4: 69.44535 | H4: 62.265176 | I4: 70.552 | J4: 75.496585 | K4: 67.596578 | L4: 64.269654 | M4: 68.73911 | N4: 60.861294 | O4: 48.10826 | P4: 49.58826 | Q4: 61.51326 | R4: 71.56826 | S4: 63.37326 | T4: 73.10726 | U4: 62.83726 | V4: 72.92726 | W4: 75 | X4: 86 | Y4: 91 | Z4: 97 | AA4: 96 | AB4: 112 | AC4: 102 | AD4: 95 | AE4: 94 | AF4: 89 | AG4: 100 | AH4: 103 | AI4: 103 | AJ4: 101 | AK4: 101 | AL4: 96 | AM4: 66 | AN4: 63 | AO4: 46 | AP4: 45 | AQ4: 52 | AR4: 46 | AS4: 48 | AT4: 47 | AU4: 47 | AV4: 46 | AW4: 44 | AX4: 44 | AY4: 33 | AZ4: 41 | BA4: 40 | BB4: 39 | BC4: 32 | BD4: 44 | BE4: 41 | BF4: 42 | BG4: 32 | BH4: 42 | BI4: 42 | BJ4: 48 | BK4: 48 | BL4: 48 | BM4: 44 | BN4: 48 | BO4: 48 | BP4: 46 | BQ4: 44 | BR4: 44 | BS4: 42 | BT4: 42 | BU4: 45 | BV4: 42 | BW4: 38 | BX4: 20
D5: Projected | AA5: 110 | AB5: 139 | AC5: 124 | AD5: 116 | AE5: 111 | AF5: 108 | AG5: 115 | AH5: 119 | AI5: 117 | AJ5: 116 | AK5: 116 | AL5: 110 | AM5: 91 | AN5: 88 | AO5: 69 | AP5: 68 | AQ5: 69 | AR5: 67 | AS5: 68 | AT5: 67 | AU5: 66 | AV5: 65 | AW5: 62 | AX5: 62 | AY5: 62 | AZ5: 59 | BA5: 57 | BB5: 57 | BC5: 57 | BD5: 57 | BE5: 57 | BF5: 57 | BG5: 57 | BH5: 57 | BI5: 57 | BJ5: 56 | BK5: 56 | BL5: 56 | BM5: 55 | BN5: 55 | BO5: 55 | BP5: 53 | BQ5: 49 | BR5: 49 | BS5: 47 | BT5: 47 | BU5: 46 | BV5: 46 | BW5: 42 | BX5: 21
D6: Budget Vs Actual | E6: =E4/E2 -> 0.70835983 | F6: =F4/F2 -> 0.6279435 | G6: =G4/G2 -> 0.6944535 | H6: =H4/H2 -> 0.62265176 | I6: =I4/I2 -> 0.70552 | J6: =J4/J2 -> 0.75496585 | K6: =K4/K2 -> 0.67596578 | L6: =L4/L2 -> 0.64269654 | ... EY6: =EY4/EY2 -> #DIV/0!
D7: Forecast Vs Actual | E7: =E4/E3 -> 0.9976899 | F7: =F4/F3 -> 0.88442746 | G7: =G4/G3 -> 0.85735 | H7: =H4/H3 -> 0.87697431 | I7: =I4/I3 -> 1.102375 | J7: =J4/J3 -> 1.0341998 | K7: =K4/K3 -> 0.95206448 | L7: =L4/L3 -> 1.0201532 | ... AA7: =AA4/AA3 -> 1.1162791 | AB7: =AB5/AB3 -> 1.3495146 | AC7: =AC5/AC3 -> 1.2277228 | AD7: =AD5/AD3 -> 1.2210526 | AE7: =AE5/AE3 -> 1.2333333 | AF7: =AF5/AF3 -> 1.2 | AG7: =AG5/AG3 -> 1.1386139 | AH7: =AH5/AH3 -> 1.2526316 | AI7: =AI5/AI3 -> 1.4268293 | ... AR7: =AR5/AR3 -> 1.5227273 | AS7: =AS4/AS3 -> 1.2631579 | AT7: =AT4/AT3 -> 1.3823529 | AU7: =AU4/AU3 -> 1.3823529 | AV7: =AV4/AV3 -> 1.3529412 | AW7: =AW4/AW3 -> 1.2571429 | AX7: =AX4/AX3 -> 1 | AY7: =AY4/AY3 -> 0.825 | AZ7: =AZ4/AZ3 -> 1.025 | ... EY7: =EY4/EY3 -> #DIV/0!
A9: Entergy Services LLC | B9: Entergy | C9: USA | D9: Budget | E9: 148.62017 | F9: 148.62017 | G9: 150.07782 | H9: 150.07782 | I9: 150.07782 | J9: 150.07782 | K9: 141.20222 | L9: 141.20222 | M9: 141.20222 | N9: 141.20222 | O9: 146.46971 | P9: 146.46971 | Q9: 146.46971 | R9: 146.46971 | S9: 171.39215 | T9: 171.39215 | U9: 171.39215 | V9: 171.39215 | W9: 171.39215 | X9: 167.16921 | Y9: 167.16921 | Z9: 167.16921 | AA9: 167.16921 | AB9: 186.05511 | AC9: 186.05511 | AD9: 186.05511 | AE9: 186.05511 | AF9: 186.05511 | AG9: 168.11119 | AH9: 168.11119 | AI9: 168.11119 | AJ9: 168.11119 | AK9: 140.37348 | AL9: 140.37348 | AM9: 140.37348 | AN9: 140.37348 | AO9: 140.3354 | AP9: 140.3354 | AQ9: 140.3354 | AR9: 140.3354 | AS9: 140.3354 | AT9: 131.8103 | AU9: 131.8103 | AV9: 131.8103 | AW9: 131.8103
D10: Forecast | E10: 166.53242 | F10: 190.04197 | G10: 235.65279 | H10: 222.94446 | I10: 220.07848 | J10: 218.1553 | K10: 179.11024 | L10: 160.01033 | M10: 147.43822 | N10: 141.29028 | O10: 151.69676 | P10: 165.12525 | Q10: 153.92525 | R10: 155.01542 | S10: 170.4723 | T10: 183.41746 | U10: 171.70992 | V10: 181.82435 | W10: 178.35257 | X10: 172.2771 | Y10: 168.48264 | Z10: 149.89957 | AA10: 154.71297 | AB10: 106.08259 | AC10: 119.30524 | AD10: 114.35479 | AE10: 111.54679 | AF10: 108.52278 | AG10: 97.737106 | AH10: 104.24141 | AI10: 89.720724 | AJ10: 98.321841 | AK10: 100.66396 | AL10: 92.124344 | AM10: 98.95744 | AN10: 105.07855 | AO10: 100.91156 | AP10: 90.606395 | AQ10: 91.721449 | AR10: 96.161524 | AS10: 76.243955 | AT10: 110.34279 | AU10: 103.10258 | AV10: 98.846552 | AW10: 65.552247 | AX10: 88.987826 | AY10: 109.56522 | AZ10: 106.66667 | BA10: 85.333333 | BB10: 106.66667 | BC10: 112 | BD10: 110.22222 | BE10: 104.88889 | BF10: 113.77778 | BG10: 110.22222 | BH10: 108.44444 | BI10: 99.555556 | BJ10: 115.55556 | BK10: 107.29412 | BL10: 109.17647 | BM10: 99.764706 | BN10: 97.882353 | BO10: 105.41176 | BP10: 111.05882 | BQ10: 105.41176 | BR10: 105.41176 | BS10: 96.376471 | BT10: 120.47059 | BU10: 114.82353 | BV10: 107.29412 | BW10: 109.17647 | BX10: 97.882353 | BY10: 118.58824 | BZ10: 105.41176 | CA10: 107.29412 | CB10: 107.82609 | CC10: 116.52174 | CD10: 109.56522 | CE10: 111.05882 | CF10: 112.94118 | CG10: 79.811765 | CH10: 92.235294 | CI10: 82.758621 | CJ10: 84.597701 | CK10: 86.436782 | CL10: 79.08046 | CM10: 72.727273 | CN10: 72.727273 | CO10: 76.363636 | CP10: 83.636364 | CQ10: 80 | CR10: 76.363636 | CS10: 50.909091 | CT10: 80 | CU10: 72.727273 | CV10: 65.454545 | CW10: 32 | CX10: 56.727273 | CY10: 96.363636 | CZ10: 89.090909 | DA10: 66.909091 | DB10: 90.909091 | DC10: 89.090909 | DD10: 81.818182 | DE10: 83.636364 | DF10: 85.454545 | DG10: 92.727273 | DH10: 89.090909 | DI10: 83.636364 | DJ10: 83.636364 | DK10: 96.363636 | DL10: 90.909091 | DM10: 83.636364 | DN10: 84.705882 | DO10: 94.117647 | DP10: 93.913043 | DQ10: 94.117647 | DR10: 92.235294 | DS10: 76.8 | DT10: 101.64706 | DU10: 94.117647 | DV10: 92.235294 | DW10: 89.090909 | DX10: 82.909091 | DY10: 98.181818 | DZ10: 90.909091 | EA10: 90.909091 | EB10: 96.363636 | EC10: 101.81818 | ED10: 90.909091 | EE10: 90.909091 | EF10: 92.727273 | EG10: 100 | EH10: 77.090909 | EI10: 89.090909 | EJ10: 89.090909 | EK10: 96.363636 | EL10: 89.090909 | EM10: 83.636364 | EN10: 83.636364 | EO10: 85.454545 | EP10: 81.818182 | EQ10: 76.363636 | ER10: 72.727273 | ES10: 46.545455 | ET10: 80 | EU10: 67.272727 | EV10: 60 | EW10: 30.909091 | EX10: 87.272727 | EY10: 87.272727
D11: Required | AB11: 150.63201 | AC11: 163.63357 | AD11: 156.84377 | AE11: 152.99245 | AF11: 148.84486 | AG11: 135.85164 | AH11: 144.89243 | AI11: 122.94822 | AJ11: 133.05723 | AK11: 136.3456 | AL11: 127.96825 | AM11: 117.70559 | AN11: 124.98638 | AO11: 119.144 | AP11: 109.60072 | AQ11: 110.40136 | AR11: 115.7457 | AS11: 91.771732 | AT11: 115.17841 | AU11: 110.31144 | AV11: 105.75783 | AW11: 68.424984 | AX11: 86.385464 | AY11: 130.82414 | AZ11: 127.36318 | BA11: 99.514091 | BB11: 125.86037 | BC11: 132.15339 | BD11: 130.82756 | BE11: 124.4972 | BF11: 133.46367 | BG11: 129.29293 | BH11: 127.5817 | BI11: 117.81723 | BJ11: 140.06734 | BK11: 132.3475 | BL11: 134.37104 | BM11: 122.56106 | BN11: 118.68844 | BO11: 128.91252 | BP11: 134.66573 | BQ11: 129.96149 | BR11: 139.15745 | BS11: 117.53586 | BT11: 148.12337 | BU11: 141.18009 | BV11: 123.86045 | BW11: 127.75902 | BX11: 112.9955 | BY11: 136.8984 | BZ11: 122.02643 | CA11: 128.20135 | CB11: 124.82129 | CC11: 138.8548 | CD11: 126.83453 | CE11: 129.64696 | CF11: 131.1078 | CG11: 91.625761 | CH11: 105.88826 | CI11: 93.714422 | CJ11: 95.796965 | CK11: 97.879508 | CL11: 88.345717 | CM11: 81.687354 | CN11: 81.687354 | CO11: 85.310584 | CP11: 93.435401 | CQ11: 89.372993 | CR11: 85.310584 | CS11: 56.873723 | CT11: 89.372993 | CU11: 81.248175 | CV11: 73.918177 | CW11: 36.137775 | CX11: 64.06242 | CY11: 108.82398 | CZ11: 100.61085 | DA11: 77.67144 | DB11: 105.53185 | DC11: 103.42121 | DD11: 94.978663 | DE11: 97.0893 | DF11: 98.923614 | DG11: 107.34264 | DH11: 103.13313 | DI11: 96.818856 | DJ11: 96.818856 | DK11: 111.55216 | DL11: 105.23789 | DM11: 96.818856 | DN11: 98.056949 | DO11: 108.95217 | DP11: 108.71531 | DQ11: 108.95217 | DR11: 107.54108 | DS11: 89.544408 | DT11: 117.22645 | DU11: 108.54301 | DV11: 106.37215 | DW11: 102.74583 | DX11: 95.616527 | DY11: 113.2301 | DZ11: 103.74197 | EA11: 103.74197 | EB11: 109.39225 | EC11: 115.58427 | ED11: 104.33431 | EE11: 103.20024 | EF11: 105.26424 | EG11: 113.52026 | EH11: 87.513803 | EI11: 101.13623 | EJ11: 101.13623 | EK11: 109.39225 | EL11: 101.13623 | EM11: 94.94422 | EN11: 94.94422 | EO11: 97.008225 | EP11: 92.880215 | EQ11: 86.688201 | ER11: 82.560192 | ES11: 52.838523 | ET11: 90.816211 | EU11: 75.154562 | EV11: 67.029744 | EW11: 34.530474 | EX11: 97.49781 | EY11: 97.49781
D12: Projected | E12: 195 | F12: 195 | G12: 223 | H12: 214 | I12: 207 | J12: 197 | K12: 184 | L12: 174 | M12: 167 | N12: 163 | O12: 156 | P12: 171 | Q12: 165 | R12: 181 | S12: 176 | T12: 177 | U12: 176.34165 | V12: 171 | W12: 179.20443 | X12: 177.42242 | Y12: 171.14969 | Z12: 160.81403 | AA12: 154.15999 | AB12: 172.04 | AC12: 162.88 | AD12: 155.88 | AE12: 148.88 | AF12: 138.88 | AG12: 132.88 | AH12: 138.88 | AI12: 126.88 | AJ12: 137.88 | AK12: 138.88 | AL12: 127.88 | AM12: 124.88 | AN12: 125.88 | AO12: 127.872 | AP12: 114.88 | AQ12: 125.88 | AR12: 120.88 | AS12: 119.88 | AT12: 126.88 | AU12: 122.88 | AV12: 119.88 | AW12: 105.88 | AX12: 132.55 | AY12: 130.88 | AZ12: 126.88 | BA12: 114.88 | BB12: 118.88 | BC12: 114.88 | BD12: 111.88 | BE12: 127.88 | BF12: 121.88 | BG12: 137.88 | BH12: 125.88 | BI12: 119.88 | BJ12: 144.88 | BK12: 139.88 | BL12: 133.88 | BM12: 130.88 | BN12: 131.88 | BO12: 137.88 | BP12: 131.88 | BQ12: 140.88 | BR12: 135.88 | BS12: 151.88 | BT12: 136.88 | BU12: 140.88 | BV12: 133.88 | BW12: 140.88 | BX12: 136.88 | BY12: 132.88 | BZ12: 123.88 | CA12: 130.88 | CB12: 125.88 | CC12: 136.88 | CD12: 130.92 | CE12: 133.88 | CF12: 132.88 | CG12: 128.88 | CH12: 124.88 | CI12: 126.88 | CJ12: 125 | CK12: 121.88 | CL12: 119.88 | CM12: 116.88 | CN12: 113.88 | CO12: 112.88 | CP12: 111.88 | CQ12: 109.88 | CR12: 105.88 | CS12: 104.88 | CT12: 109.88 | CU12: 105.88 | CV12: 104.88 | CW12: 101.88 | CX12: 100.88 | CY12: 101.88 | CZ12: 98.413333 | DA12: 89.88 | DB12: 88.88 | DC12: 104.88 | DD12: 104.88 | DE12: 99.88 | DF12: 95.88 | DG12: 105.88 | DH12: 102.88 | DI12: 100.88 | DJ12: 99.88 | DK12: 101.88 | DL12: 94.88 | DM12: 93.88 | DN12: 110.88 | DO12: 109.88 | DP12: 110.88 | DQ12: 109.88 | DR12: 119.88 | DS12: 118.88 | DT12: 118.88 | DU12: 126.88 | DV12: 123.88 | DW12: 118.88 | DX12: 117.88 | DY12: 127.88 | DZ12: 124.88 | EA12: 120.88 | EB12: 117.88 | EC12: 115.88 | ED12: 113.88 | EE12: 111.88 | EF12: 109.88 | EG12: 107.88 | EH12: 105.88 | EI12: 103.88 | EJ12: 101.88 | EK12: 106.46096 | EL12: 103.80286 | EM12: 101.80286 | EN12: 99.802864 | EO12: 97.802864 | EP12: 95.802864 | EQ12: 93.802864 | ER12: 91.802864 | ES12: 89.802864 | ET12: 87.802864 | EU12: 66.965906 | EV12: 64.965906 | EW12: 62.965906 | EX12: 97.88 | EY12: 97.88
D13: Budget Vs Actual | E13: =E12/E9 -> 1.3120695 | F13: =F12/F9 -> 1.3120695 | G13: =G12/G9 -> 1.4858958 | H13: =H12/H9 -> 1.4259269 | I13: =I12/I9 -> 1.3792844 | J13: =J12/J9 -> 1.3126523 | K13: =K12/K9 -> 1.3030956 | L13: =L12/L9 -> 1.2322752 | ... EY13: =EY12/EY9 -> #DIV/0!
D14: Forecast Vs Actual | E14: =E12/E10 -> 1.1709431 | F14: =F12/F10 -> 1.0260891 | G14: =G12/G10 -> 0.9463075 | H14: =H12/H10 -> 0.95988033 | I14: =I12/I10 -> 0.94057356 | J14: =J12/J10 -> 0.90302642 | K14: =K12/K10 -> 1.0273003 | L14: =L12/L10 -> 1.0874298 | ... BU14: =BU12/BU10 -> 1.2269262 | BV14: =BV11/BV10 -> 1.1544012 | BW14: =BW11/BW10 -> 1.1702065 | BX14: =BX11/BX10 -> 1.1544012 | BY14: =BY11/BY10 -> 1.1544012 | BZ14: =BZ11/BZ10 -> 1.1576168 | CA14: =CA11/CA10 -> 1.1948591 | CB14: =CB11/CB10 -> 1.1576168 | CC14: =CC11/CC10 -> 1.1916643 | ... CK14: =CK11/CK10 -> 1.1323826 | CL14: =CL12/CL10 -> 1.5159244 | CM14: =CM12/CM10 -> 1.6071 | CN14: =CN12/CN10 -> 1.56585 | CO14: =CO12/CO10 -> 1.4781905 | CP14: =CP12/CP10 -> 1.3376957 | CQ14: =CQ12/CQ10 -> 1.3735 | CR14: =CR12/CR10 -> 1.3865238 | CS14: =CS12/CS10 -> 2.0601429 | ... EY14: =EY12/EY10 -> 1.1215417
A16: PNMR SERVICES COMPANY | B16: PNM | C16: USA | D16: Budget | E16: 15 | F16: 15 | G16: 15 | H16: 15 | I16: 15 | J16: 15 | K16: 15 | L16: 15 | M16: 15 | N16: 15 | O16: 15 | P16: 15 | Q16: 15 | R16: 15 | S16: 15 | T16: 15 | U16: 15 | V16: 15 | W16: 15 | X16: 15 | Y16: 15 | Z16: 15 | AA16: 15 | AB16: 15 | AC16: 15 | AD16: 15 | AE16: 15 | AF16: 15 | AG16: 15 | AH16: 15 | AI16: 15 | AJ16: 15 | AK16: 15 | AL16: 15 | AM16: 15 | AN16: 15 | AO16: 15 | AP16: 15 | AQ16: 15 | AR16: 15 | AS16: 15 | AT16: 15 | AU16: 15 | AV16: 15 | AW16: 15
D17: Forecast | E17: 14 | F17: 14 | G17: 14 | H17: 14 | I17: 14 | J17: 14 | K17: 14 | L17: 14 | M17: 14 | N17: 14 | O17: 14 | P17: 14 | Q17: 14 | R17: 14 | S17: 14 | T17: 11 | U17: 11 | V17: 11 | W17: 10 | X17: 10 | Y17: 10 | Z17: 10 | AA17: 10 | AB17: 10 | AC17: 10 | AD17: 10 | AE17: 10 | AF17: 10 | AG17: 10 | AH17: 10 | AI17: 10 | AJ17: 10 | AK17: 10 | AL17: 10 | AM17: 10 | AN17: 10 | AO17: 10 | AP17: 10 | AQ17: 9 | AR17: 9 | AS17: 8 | AT17: 8 | AU17: 9 | AV17: 9 | AW17: 9 | AX17: 9 | AY17: 9 | AZ17: 8 | BA17: 8 | BB17: 9 | BC17: 9 | BD17: 9 | BE17: 9 | BF17: 9 | BG17: 9 | BH17: 9 | BI17: 9 | BJ17: 9 | BK17: 9 | BL17: 9 | BM17: 7 | BN17: 17 | BO17: 16 | BP17: 16 | BQ17: 16 | BR17: 16 | BS17: 16 | BT17: 16 | BU17: 16 | BV17: 16 | BW17: 16 | BX17: 15 | BY17: 15 | BZ17: 15 | CA17: 15 | CB17: 15 | CC17: 14 | CD17: 14 | CE17: 13 | CF17: 13 | CG17: 12 | CH17: 13 | CI17: 12 | CJ17: 12 | CK17: 11 | CL17: 11 | CM17: 11 | CN17: 10 | CO17: 10 | CP17: 10 | CQ17: 10 | CR17: 10 | CS17: 10 | CT17: 10 | CU17: 10 | CV17: 10 | CW17: 10 | CX17: 10 | CY17: 10 | CZ17: 10 | DA17: 10 | DB17: 10 | DC17: 10 | DD17: 10 | DE17: 10 | DF17: 10 | DG17: 10 | DH17: 10 | DI17: 10 | DJ17: 10 | DK17: 10 | DL17: 10 | DM17: 10 | DN17: 10 | DO17: 10 | DP17: 10 | DQ17: 10 | DR17: 10 | DS17: 10 | DT17: 10 | DU17: 10 | DV17: 10 | DW17: 10 | DX17: 9 | DY17: 9 | DZ17: 9 | EA17: 9 | EB17: 9 | EC17: 9 | ED17: 8 | EE17: 9 | EF17: 9 | EG17: 9 | EH17: 9 | EI17: 8 | EJ17: 8 | EK17: 8 | EL17: 8 | EM17: 7 | EN17: 7 | EO17: 7 | EP17: 7 | EQ17: 6 | ER17: 6 | ES17: 6 | ET17: 6 | EU17: 11 | EV17: 11 | EW17: 11 | EX17: 11 | EY17: 11
D18: Required | AB18: 10 | AC18: 10 | AD18: 10 | AE18: 10 | AF18: 10 | AG18: 10 | AH18: 10 | AI18: 10 | AJ18: 10 | AK18: 10 | AL18: 10 | AM18: 10 | AN18: 10 | AO18: 10 | AP18: 10 | AQ18: 9 | AR18: 9 | AS18: 8 | AT18: 8 | AU18: 9 | AV18: 9 | AW18: 9 | AX18: 9 | AY18: 9 | AZ18: 8 | BA18: 8 | BB18: 9 | BC18: 9 | BD18: 9 | BE18: 9 | BF18: 9 | BG18: 9 | BH18: 9 | BI18: 9 | BJ18: 9 | BK18: 9 | BL18: 9 | BM18: 7 | BN18: 17 | BO18: 16 | BP18: 16 | BQ18: 16 | BR18: 16 | BS18: 16 | BT18: 16 | BU18: 16 | BV18: 16 | BW18: 16 | BX18: 15 | BY18: 15 | BZ18: 15 | CA18: 15 | CB18: 15 | CC18: 14 | CD18: 14 | CE18: 13 | CF18: 13 | CG18: 12 | CH18: 13 | CI18: 12 | CJ18: 12 | CK18: 11 | CL18: 11 | CM18: 11 | CN18: 10 | CO18: 10 | CP18: 10 | CQ18: 10 | CR18: 10 | CS18: 10 | CT18: 10 | CU18: 10 | CV18: 10 | CW18: 10 | CX18: 10 | CY18: 10 | CZ18: 10 | DA18: 10 | DB18: 10 | DC18: 10 | DD18: 10 | DE18: 10 | DF18: 10 | DG18: 10 | DH18: 10 | DI18: 10 | DJ18: 10 | DK18: 10 | DL18: 10 | DM18: 10 | DN18: 10 | DO18: 10 | DP18: 10 | DQ18: 10 | DR18: 10 | DS18: 10 | DT18: 10 | DU18: 10 | DV18: 10 | DW18: 10 | DX18: 9 | DY18: 9 | DZ18: 9 | EA18: 9 | EB18: 9 | EC18: 9 | ED18: 8 | EE18: 9 | EF18: 9 | EG18: 9 | EH18: 9 | EI18: 8 | EJ18: 8 | EK18: 8 | EL18: 8 | EM18: 7 | EN18: 7 | EO18: 7 | EP18: 7 | EQ18: 6 | ER18: 6 | ES18: 6 | ET18: 6 | EU18: 11 | EV18: 11 | EW18: 11 | EX18: 11 | EY18: 11
D19: Projected | E19: 12 | F19: 12 | G19: 12 | H19: 12 | I19: 12 | J19: 12 | K19: 12 | L19: 12 | M19: 11 | N19: 11 | O19: 11 | P19: 11 | Q19: 11 | R19: 11 | S19: 11 | T19: 11 | U19: 11 | V19: 11 | W19: 10 | X19: 10 | Y19: 10 | Z19: 10 | AA19: 10 | AB19: 10 | AC19: =AC18 -> 10 | AD19: =AD18 -> 10 | AE19: =AE18 -> 10 | AF19: =AF18 -> 10 | AG19: =AG18 -> 10 | AH19: =AH18 -> 10 | AI19: =AI18 -> 10 | AJ19: =AJ18 -> 10 | ... EY19: =EY18 -> 11
D20: Budget Vs Actual | E20: =E19/E16 -> 0.8 | F20: =F19/F16 -> 0.8 | G20: =G19/G16 -> 0.8 | H20: =H19/H16 -> 0.8 | I20: =I19/I16 -> 0.8 | J20: =J19/J16 -> 0.8 | K20: =K19/K16 -> 0.8 | L20: =L19/L16 -> 0.8 | ... EY20: =EY19/EY16 -> #DIV/0!
D21: Forecast Vs Actual | E21: =E19/E17 -> 0.85714286 | F21: =F19/F17 -> 0.85714286 | G21: =G19/G17 -> 0.85714286 | H21: =H19/H17 -> 0.85714286 | I21: =I19/I17 -> 0.85714286 | J21: =J19/J17 -> 0.85714286 | K21: =K19/K17 -> 0.85714286 | L21: =L19/L17 -> 0.85714286 | ... EY21: =EY19/EY17 -> 1
A23: Liberty Utilities | B23: Liberty Utilities | C23: USA | D23: Budget | E23: 41 | F23: 41 | G23: 41 | H23: 41 | I23: 41 | J23: 41 | K23: 41 | L23: 41 | M23: 41 | N23: 41 | O23: 41 | P23: 41 | Q23: 41 | R23: 41 | S23: 41 | T23: 41 | U23: 41 | V23: 41 | W23: 41
D24: Forecast | E24: 65 | F24: 65 | G24: 65 | H24: 65 | I24: 65 | J24: 65 | K24: 65 | L24: 65 | M24: 65 | N24: 65 | O24: 65 | P24: 65 | Q24: 65 | R24: 65 | S24: 65 | T24: 65 | U24: 61 | V24: 60 | W24: 60 | DA24: 0 | DB24: 0 | DC24: 0 | DD24: 0 | DE24: 10 | DF24: 10 | DG24: 10 | DH24: 10 | DI24: 10 | DJ24: 10 | DK24: 10 | DL24: 10 | DM24: 17.333333 | DN24: 22.431373 | DO24: 22.431373 | DP24: 24.470588 | DQ24: 30.588235 | DR24: 28.54902 | DS24: 39.152941 | DT24: 38.745098 | DU24: 38.745098 | DV24: 38.745098 | DW24: 46.901961 | DX24: 26.346667 | DY24: 34.666667 | DZ24: 34.666667 | EA24: 34.666667 | EB24: 34.666667 | EC24: 38.133333 | ED24: 38.133333 | EE24: 38.133333 | EF24: 38.133333 | EG24: 39.866667 | EH24: 39.866667 | EI24: 39.866667 | EJ24: 39.866667 | EK24: 39.866667 | EL24: 38.133333 | EM24: 38.133333 | EN24: 38.133333 | EO24: 38.133333 | EP24: 38.133333 | EQ24: 38.133333 | ER24: 38.133333 | ES24: 38.133333 | ET24: 38.133333
D25: Required | DA25: 0 | DB25: 0 | DC25: 0 | DD25: 0 | DE25: 9 | DF25: 10 | DG25: 9 | DH25: 10 | DI25: 10 | DJ25: 8 | DK25: 8 | DL25: 8 | DM25: 19.914444 | DN25: 25.771634 | DO25: 25.367682 | DP25: 28.302785 | DQ25: 38.475768 | DR25: 32.107764 | DS25: 44.033505 | DT25: 42.864363 | DU25: 42.864363 | DV25: 43.083618 | DW25: 53.018282 | DX25: 31.199342 | DY25: 39.991679 | DZ25: 39.847888 | EA25: 39.847888 | EB25: 39.847888 | EC25: 43.720859 | ED25: 43.720859 | EE25: 42.996204 | EF25: 42.996204 | EG25: 44.950577 | EH25: 44.950577 | EI25: 44.950577 | EJ25: 44.950577 | EK25: 44.950577 | EL25: 42.996204 | EM25: 42.996204 | EN25: 42.996204 | EO25: 42.996204 | EP25: 42.996204 | EQ25: 42.996204 | ER25: 42.996204 | ES25: 42.996204 | ET25: 42.996204
D26: Projected | E26: 80 | F26: 77 | G26: 72 | H26: 69 | I26: 68 | J26: 68 | K26: 66 | L26: 89 | M26: 88 | N26: 88 | O26: 87 | P26: 88 | Q26: 86 | R26: 84 | S26: 84 | T26: 68 | U26: 61 | V26: 59 | W26: 59 | DA26: =DA24 -> 0 | DB26: =DB24 -> 0 | DC26: =DC24 -> 0 | DD26: =DD24 -> 0 | DE26: =DE25 -> 9 | DF26: =DF25 -> 10 | DG26: =DG25 -> 9 | DH26: =DH25 -> 10 | DI26: =DI25 -> 10 | DJ26: =DJ25 -> 8 | DK26: =DK25 -> 8 | DL26: =DL25 -> 8 | ... ET26: =ET25 -> 42.996204
D27: Budget Vs Actual | E27: =E26/E23 -> 1.9512195 | F27: =F26/F23 -> 1.8780488 | G27: =G26/G23 -> 1.7560976 | H27: =H26/H23 -> 1.6829268 | I27: =I26/I23 -> 1.6585366 | J27: =J26/J23 -> 1.6585366 | K27: =K26/K23 -> 1.6097561 | L27: =L26/L23 -> 2.1707317 | ... EY27: =EY26/EY23 -> #DIV/0!
D28: Forecast Vs Actual | E28: =E26/E24 -> 1.2307692 | F28: =F26/F24 -> 1.1846154 | G28: =G26/G24 -> 1.1076923 | H28: =H26/H24 -> 1.0615385 | I28: =I26/I24 -> 1.0461538 | J28: =J26/J24 -> 1.0461538 | K28: =K26/K24 -> 1.0153846 | L28: =L26/L24 -> 1.3692308 | ... EY28: =EY26/EY24 -> #DIV/0!
A30: ExactScience | B30: ExactScience | C30: USA | D30: Budget
D31: Forecast | EF31: 15 | EG31: 15 | EH31: 15 | EI31: 15 | EJ31: 25 | EK31: 25 | EL31: 25 | EM31: 25 | EN31: 25 | EO31: 30 | EP31: 30 | EQ31: 50 | ER31: 50 | ES31: 50 | ET31: 50 | EU31: 70.805327 | EV31: 70.805327 | EW31: 70.805327 | EX31: 69.743247
D32: Required | EF32: 15 | EG32: 15 | EH32: 15 | EI32: 15 | EJ32: 25 | EK32: 25 | EL32: 25 | EM32: 25 | EN32: 25 | EO32: 30 | EP32: 30 | EQ32: 50 | ER32: 50 | ES32: 50 | ET32: 50 | EU32: 70 | EV32: 70 | EW32: 70 | EX32: 70
D33: Projected | EF33: 18.75 | EG33: 17.188125 | EH33: 17.188125 | EI33: 26.4006 | EJ33: 25.57593 | EK33: 24.57593 | EL33: 23.592893 | EM33: 23.592893 | EN33: 33.492893 | EO33: 32.314329 | EP33: 32.314329 | EQ33: 52.939329 | ER33: 48.736552 | ES33: 48.736552 | ET33: 48.736552 | EU33: 70.805327 | EV33: 70.805327 | EW33: 70.805327 | EX33: 69.743247 | EY33: =EY32 -> 0
D34: Budget Vs Actual | E34: =E33/E30 -> #DIV/0! | F34: =F33/F30 -> #DIV/0! | G34: =G33/G30 -> #DIV/0! | H34: =H33/H30 -> #DIV/0! | I34: =I33/I30 -> #DIV/0! | J34: =J33/J30 -> #DIV/0! | K34: =K33/K30 -> #DIV/0! | L34: =L33/L30 -> #DIV/0! | ... EY34: =EY33/EY30 -> #DIV/0!
D35: Forecast Vs Actual | E35: =E33/E31 -> #DIV/0! | F35: =F33/F31 -> #DIV/0! | G35: =G33/G31 -> #DIV/0! | H35: =H33/H31 -> #DIV/0! | I35: =I33/I31 -> #DIV/0! | J35: =J33/J31 -> #DIV/0! | K35: =K33/K31 -> #DIV/0! | L35: =L33/L31 -> #DIV/0! | ... EY35: =EY33/EY31 -> #DIV/0!
A37: HHCIP, LLC (CardioCare) | B37: Cardio Care | C37: USA | D37: Budget
D38: Forecast | BI38: 1 | BJ38: 1 | BK38: 2 | BL38: 2 | BM38: 2 | BN38: 2 | BO38: 2 | BP38: 2 | BQ38: 1 | BR38: 1 | BS38: 1 | BT38: 1 | BU38: 1 | BV38: 1 | BW38: 1 | BX38: 1 | BY38: 1 | BZ38: 1 | CA38: 1 | CB38: 1 | CC38: 1 | CD38: 1 | CE38: 1 | CF38: 1 | CG38: 1 | CH38: 1 | CI38: 1 | CJ38: 1 | CK38: 1 | CL38: 1 | CM38: 1 | CN38: 1 | CO38: 1 | CP38: 1 | CQ38: 1 | CR38: 0 | CS38: 0 | CT38: 0 | CU38: 0 | CV38: 0 | CW38: 0 | CX38: 0 | CY38: 0 | CZ38: 0 | DA38: 0 | DB38: 0 | DC38: 0 | DD38: 0 | DE38: 0 | DF38: 0 | DG38: 0 | DH38: 0 | DI38: 0 | DJ38: 0 | DK38: 0 | DL38: 0 | DM38: 0 | DN38: 0 | DO38: 0 | DP38: 0 | DQ38: 0 | DR38: 0 | DS38: 0 | DT38: 0 | DU38: 0 | DV38: 0 | DW38: 0 | DX38: 0 | DY38: 0 | DZ38: 0 | EA38: 0 | EB38: 0 | EC38: 0 | ED38: 0 | EE38: 0 | EF38: 0 | EG38: 0 | EH38: 0 | EI38: 0 | EJ38: 0 | EK38: 0 | EL38: 0 | EM38: 0 | EN38: 0 | EO38: 0 | EP38: 0 | EQ38: 0 | ER38: 0 | ES38: 0 | ET38: 0 | EU38: 0 | EV38: 0 | EW38: 0 | EX38: 0 | EY38: 0
D39: Required | BI39: 1 | BJ39: 1 | BK39: 2 | BL39: 2 | BM39: 2 | BN39: 2 | BO39: 2 | BP39: 2 | BQ39: 1 | BR39: 1 | BS39: 1 | BT39: 1 | BU39: 1 | BV39: 1 | BW39: 1 | BX39: 1 | BY39: 1 | BZ39: 1 | CA39: 1 | CB39: 1 | CC39: 1 | CD39: 1 | CE39: 1 | CF39: 1 | CG39: 1 | CH39: 1 | CI39: 1 | CJ39: 1 | CK39: 1 | CL39: 1 | CM39: 1 | CN39: 1 | CO39: 1 | CP39: 1 | CQ39: 1 | CR39: 0 | CS39: 0 | CT39: 0 | CU39: 0 | CV39: 0 | CW39: 0 | CX39: 0 | CY39: 0 | CZ39: 0 | DA39: 0 | DB39: 0 | DC39: 0 | DD39: 0 | DE39: 0 | DF39: 0 | DG39: 0 | DH39: 0 | DI39: 0 | DJ39: 0 | DK39: 0 | DL39: 0 | DM39: 0 | DN39: 0 | DO39: 0 | DP39: 0 | DQ39: 0 | DR39: 0 | DS39: 0 | DT39: 0 | DU39: 0 | DV39: 0 | DW39: 0 | DX39: 0 | DY39: 0 | DZ39: 0 | EA39: 0 | EB39: 0 | EC39: 0 | ED39: 0 | EE39: 0 | EF39: 0 | EG39: 0 | EH39: 0 | EI39: 0 | EJ39: 0 | EK39: 0 | EL39: 0 | EM39: 0 | EN39: 0 | EO39: 0 | EP39: 0 | EQ39: 0 | ER39: 0 | ES39: 0 | ET39: 0 | EU39: 0 | EV39: 0 | EW39: 0 | EX39: 0 | EY39: 0
D40: Projected | BI40: 1 | BJ40: 1 | BK40: 2 | BL40: 2 | BM40: 2 | BN40: 2 | BO40: 2 | BP40: 2 | BQ40: 1 | BR40: 1 | BS40: 1 | BT40: 1 | BU40: 1 | BV40: 1 | BW40: 1 | BX40: 1 | BY40: 1 | BZ40: 1 | CA40: 1 | CB40: 1 | CC40: 1 | CD40: 1 | CE40: 1 | CF40: 1 | CG40: 1 | CH40: 1 | CI40: 1 | CJ40: 1 | CK40: 1 | CL40: 1 | CM40: 1 | CN40: 1 | CO40: 1 | CP40: 1 | CQ40: 1 | CR40: 0 | CS40: 0 | CT40: 0 | CU40: 0 | CV40: 0 | CW40: 0 | CX40: 0 | CY40: 0 | CZ40: 0 | DA40: 0 | DB40: 0 | DC40: 0 | DD40: 0 | DE40: 0 | DF40: 0 | DG40: 0 | DH40: 0 | DI40: 0 | DJ40: 0 | DK40: 0 | DL40: 0 | DM40: 0 | DN40: 0 | DO40: 0 | DP40: 0 | DQ40: 0 | DR40: 0 | DS40: 0 | DT40: 0 | DU40: 0 | DV40: 0 | DW40: 0 | DX40: 0 | DY40: 0 | DZ40: 0 | EA40: 0 | EB40: 0 | EC40: 0 | ED40: 0 | EE40: 0 | EF40: 0 | EG40: 0 | EH40: 0 | EI40: 0 | EJ40: 0 | EK40: 0 | EL40: 0 | EM40: 0 | EN40: 0 | EO40: 0 | EP40: 0 | EQ40: 0 | ER40: 0 | ES40: 0 | ET40: 0 | EU40: 0 | EV40: 0 | EW40: 0 | EX40: 0 | EY40: 0
D41: Budget Vs Actual | E41: =E40/E37 -> #DIV/0! | F41: =F40/F37 -> #DIV/0! | G41: =G40/G37 -> #DIV/0! | H41: =H40/H37 -> #DIV/0! | I41: =I40/I37 -> #DIV/0! | J41: =J40/J37 -> #DIV/0! | K41: =K40/K37 -> #DIV/0! | L41: =L40/L37 -> #DIV/0! | ... EY41: =EY40/EY37 -> #DIV/0!
D42: Forecast Vs Actual | E42: =E40/E38 -> #DIV/0! | F42: =F40/F38 -> #DIV/0! | G42: =G40/G38 -> #DIV/0! | H42: =H40/H38 -> #DIV/0! | I42: =I40/I38 -> #DIV/0! | J42: =J40/J38 -> #DIV/0! | K42: =K40/K38 -> #DIV/0! | L42: =L40/L38 -> #DIV/0! | ... EY42: =EY40/EY38 -> #DIV/0!
A44: Just Energy | B44: Just Energy | C44: USA | D44: Budget
D45: Forecast | BX45: 3 | BY45: 15 | BZ45: 15 | CA45: 15 | CB45: 12 | CC45: 10 | CD45: 10 | CE45: 10 | CF45: 10 | CG45: 10 | CH45: 10 | CI45: 10 | CJ45: 12 | CK45: 10 | CL45: 9 | CM45: 9 | CN45: 9 | CO45: 9 | CP45: 9 | CQ45: 9 | CR45: 9 | CS45: 9 | CT45: 0 | CU45: 0 | CV45: 0 | CW45: 0 | CX45: 0 | CY45: 0 | CZ45: 0 | DA45: 0 | DB45: 0 | DC45: 0 | DD45: 0 | DE45: 0 | DF45: 0 | DG45: 0 | DH45: 0 | DI45: 0 | DJ45: 0 | DK45: 0 | DL45: 0 | DM45: 0 | DN45: 0 | DO45: 0 | DP45: 0 | DQ45: 0 | DR45: 0 | DS45: 0 | DT45: 0 | DU45: 0 | DV45: 0 | DW45: 0 | DX45: 0 | DY45: 0 | DZ45: 0 | EA45: 0 | EB45: 0 | EC45: 0 | ED45: 0 | EE45: 0 | EF45: 0 | EG45: 0 | EH45: 0 | EI45: 0 | EJ45: 0 | EK45: 0 | EL45: 0 | EM45: 0 | EN45: 0 | EO45: 0 | EP45: 0 | EQ45: 0 | ER45: 0 | ES45: 0 | ET45: 0 | EU45: 0 | EV45: 0 | EW45: 0 | EX45: 0 | EY45: 0
D46: Required | BX46: 3.86 | BY46: 10 | BZ46: 10 | CA46: 9 | CB46: 15 | CC46: 11.86 | CD46: 10.86 | CE46: 12 | CF46: 12 | CG46: 12 | CH46: 12 | CI46: 10 | CJ46: 8 | CK46: 10 | CL46: 9 | CM46: 9 | CN46: 9 | CO46: 9 | CP46: 9 | CQ46: 9 | CR46: 9 | CS46: 9 | CT46: 0 | CU46: 0 | CV46: 0 | CW46: 0 | CX46: 0 | CY46: 0 | CZ46: 0 | DA46: 0 | DB46: 0 | DC46: 0 | DD46: 0 | DE46: 0 | DF46: 0 | DG46: 0 | DH46: 0 | DI46: 0 | DJ46: 0 | DK46: 0 | DL46: 0 | DM46: 0 | DN46: 0 | DO46: 0 | DP46: 0 | DQ46: 0 | DR46: 0 | DS46: 0 | DT46: 0 | DU46: 0 | DV46: 0 | DW46: 0 | DX46: 0 | DY46: 0 | DZ46: 0 | EA46: 0 | EB46: 0 | EC46: 0 | ED46: 0 | EE46: 0 | EF46: 0 | EG46: 0 | EH46: 0 | EI46: 0 | EJ46: 0 | EK46: 0 | EL46: 0 | EM46: 0 | EN46: 0 | EO46: 0 | EP46: 0 | EQ46: 0 | ER46: 0 | ES46: 0 | ET46: 0 | EU46: 0 | EV46: 0 | EW46: 0 | EX46: 0 | EY46: 0
D47: Projected | BX47: =BX46 -> 3.86 | BY47: =BY46 -> 10 | BZ47: =BZ46 -> 10 | CA47: =CA46 -> 9 | CB47: =CB46 -> 15 | CC47: =CC46 -> 11.86 | CD47: =CD46 -> 10.86 | CE47: =CE46 -> 12 | ... EY47: =EY46 -> 0
D48: Budget Vs Actual | E48: =E47/E44 -> #DIV/0! | F48: =F47/F44 -> #DIV/0! | G48: =G47/G44 -> #DIV/0! | H48: =H47/H44 -> #DIV/0! | I48: =I47/I44 -> #DIV/0! | J48: =J47/J44 -> #DIV/0! | K48: =K47/K44 -> #DIV/0! | L48: =L47/L44 -> #DIV/0! | ... EY48: =EY47/EY44 -> #DIV/0!
D49: Forecast Vs Actual | E49: =E47/E45 -> #DIV/0! | F49: =F47/F45 -> #DIV/0! | G49: =G47/G45 -> #DIV/0! | H49: =H47/H45 -> #DIV/0! | I49: =I47/I45 -> #DIV/0! | J49: =J47/J45 -> #DIV/0! | K49: =K47/K45 -> #DIV/0! | L49: =L47/L45 -> #DIV/0! | ... EY49: =EY47/EY45 -> #DIV/0!
A51: USA TOTAL | B51: USA TOTAL | C51: USA | D51: Budget | E51: =SUM(E23,E16,E9,E2,E37,E44) -> 304.62017 | F51: =SUM(F23,F16,F9,F2,) -> 304.62017 | G51: =SUM(G23,G16,G9,G2,) -> 306.07782 | H51: =SUM(H23,H16,H9,H2,) -> 306.07782 | I51: =SUM(I23,I16,I9,I2,) -> 306.07782 | J51: =SUM(J23,J16,J9,J2,) -> 306.07782 | K51: =SUM(K23,K16,K9,K2,) -> 297.20222 | L51: =SUM(L23,L16,L9,L2,) -> 297.20222 | M51: =SUM(M23,M16,M9,M2,) -> 297.20222 | ... BH51: =SUM(BH23,BH16,BH9,BH2,) -> 0 | BI51: =SUM(BI23,BI16,BI9,BI2,BI37,BI44) -> 0 | BJ51: =SUM(BJ23,BJ16,BJ9,BJ2,BJ37,BJ44) -> 0 | BK51: =SUM(BK23,BK16,BK9,BK2,BK37,BK44) -> 0 | BL51: =SUM(BL23,BL16,BL9,BL2,BL37,BL44) -> 0 | BM51: =SUM(BM23,BM16,BM9,BM2,BM37,BM44) -> 0 | BN51: =SUM(BN23,BN16,BN9,BN2,BN37,BN44) -> 0 | BO51: =SUM(BO23,BO16,BO9,BO2,BO37,BO44) -> 0 | BP51: =SUM(BP23,BP16,BP9,BP2,BP37,BP44) -> 0 | ... CK51: =SUM(CK23,CK16,CK9,CK2,CK37,CK44) -> 0 | CL51: =SUM(CL23,CL16,CL9,CL2,CL37,CL44,CL30) -> 0 | CM51: =SUM(CM23,CM16,CM9,CM2,CM37,CM44,CM30) -> 0 | CN51: =SUM(CN23,CN16,CN9,CN2,CN37,CN44,CN30) -> 0 | CO51: =SUM(CO23,CO16,CO9,CO2,CO37,CO44,CO30) -> 0 | CP51: =SUM(CP23,CP16,CP9,CP2,CP37,CP44,CP30) -> 0 | CQ51: =SUM(CQ23,CQ16,CQ9,CQ2,CQ37,CQ44,CQ30) -> 0 | CR51: =SUM(CR23,CR16,CR9,CR2,CR37,CR44,CR30) -> 0 | CS51: =SUM(CS23,CS16,CS9,CS2,CS37,CS44,CS30) -> 0 | ... EY51: =SUM(EY23,EY16,EY9,EY2,EY37,EY44,EY30) -> 0
D52: Forecast | E52: =SUM(E24,E17,E10,E3,E38,E45) -> 316.53242 | F52: =SUM(F24,F17,F10,F3,) -> 340.04197 | G52: =SUM(G24,G17,G10,G3,) -> 395.65279 | H52: =SUM(H24,H17,H10,H3,) -> 372.94446 | I52: =SUM(I24,I17,I10,I3,) -> 363.07848 | J52: =SUM(J24,J17,J10,J3,) -> 370.1553 | K52: =SUM(K24,K17,K10,K3,) -> 329.11024 | L52: =SUM(L24,L17,L10,L3,) -> 302.01033 | M52: =SUM(M24,M17,M10,M3,) -> 294.43822 | ... BH52: =SUM(BH24,BH17,BH10,BH3,) -> 155.44444 | BI52: =SUM(BI24,BI17,BI10,BI3,BI38,BI45) -> 147.55556 | BJ52: =SUM(BJ24,BJ17,BJ10,BJ3,BJ38,BJ45) -> 175.55556 | BK52: =SUM(BK24,BK17,BK10,BK3,BK38,BK45) -> 168.29412 | BL52: =SUM(BL24,BL17,BL10,BL3,BL38,BL45) -> 170.17647 | BM52: =SUM(BM24,BM17,BM10,BM3,BM38,BM45) -> 158.76471 | BN52: =SUM(BN24,BN17,BN10,BN3,BN38,BN45) -> 166.88235 | BO52: =SUM(BO24,BO17,BO10,BO3,BO38,BO45) -> 171.41176 | BP52: =SUM(BP24,BP17,BP10,BP3,BP38,BP45) -> 177.05882 | ... CK52: =SUM(CK24,CK17,CK10,CK3,CK38,CK45) -> 108.43678 | CL52: =SUM(CL24,CL17,CL10,CL3,CL38,CL45,CL31) -> 100.08046 | CM52: =SUM(CM24,CM17,CM10,CM3,CM38,CM45,CM31) -> 93.727273 | CN52: =SUM(CN24,CN17,CN10,CN3,CN38,CN45,CN31) -> 92.727273 | CO52: =SUM(CO24,CO17,CO10,CO3,CO38,CO45,CO31) -> 96.363636 | CP52: =SUM(CP24,CP17,CP10,CP3,CP38,CP45,CP31) -> 103.63636 | CQ52: =SUM(CQ24,CQ17,CQ10,CQ3,CQ38,CQ45,CQ31) -> 100 | CR52: =SUM(CR24,CR17,CR10,CR3,CR38,CR45,CR31) -> 95.363636 | CS52: =SUM(CS24,CS17,CS10,CS3,CS38,CS45,CS31) -> 69.909091 | ... EY52: =SUM(EY24,EY17,EY10,EY3,EY38,EY45,EY31) -> 98.272727
D53: Required | X53: =SUM(X26,X18,X11,X4,) -> 86 | Y53: =SUM(Y26,Y18,Y11,Y4,) -> 91 | Z53: =SUM(Z26,Z18,Z11,Z4,) -> 97 | AA53: =SUM(AA26,AA18,AA11,AA4,) -> 96 | AB53: =SUM(AB26,AB18,AB11,AB4,) -> 272.63201 | AC53: =SUM(AC26,AC18,AC11,AC4,) -> 275.63357 | AD53: =SUM(AD26,AD18,AD11,AD4,) -> 261.84377 | AE53: =SUM(AE26,AE18,AE11,AE4,) -> 256.99245 | ... BH53: =SUM(BH26,BH18,BH11,BH4,) -> 178.5817 | BI53: =SUM(BI26,BI18,BI11,BI4,BI39,BI46) -> 169.81723 | BJ53: =SUM(BJ26,BJ18,BJ11,BJ4,BJ39,BJ46) -> 198.06734 | BK53: =SUM(BK26,BK18,BK11,BK4,BK39,BK46) -> 191.3475 | BL53: =SUM(BL26,BL18,BL11,BL4,BL39,BL46) -> 193.37104 | BM53: =SUM(BM26,BM18,BM11,BM4,BM39,BM46) -> 175.56106 | BN53: =SUM(BN26,BN18,BN11,BN4,BN39,BN46) -> 185.68844 | BO53: =SUM(BO26,BO18,BO11,BO4,BO39,BO46) -> 194.91252 | BP53: =SUM(BP26,BP18,BP11,BP4,BP39,BP46) -> 198.66573 | ... CK53: =SUM(CK26,CK18,CK11,CK4,CK39,CK46) -> 119.87951 | CL53: =SUM(CL25,CL18,CL11,CL4,CL39,CL46,CL32) -> 109.34572 | CM53: =SUM(CM25,CM18,CM11,CM4,CM39,CM46,CM32) -> 102.68735 | CN53: =SUM(CN25,CN18,CN11,CN4,CN39,CN46,CN32) -> 101.68735 | CO53: =SUM(CO25,CO18,CO11,CO4,CO39,CO46,CO32) -> 105.31058 | CP53: =SUM(CP25,CP18,CP11,CP4,CP39,CP46,CP32) -> 113.4354 | CQ53: =SUM(CQ25,CQ18,CQ11,CQ4,CQ39,CQ46,CQ32) -> 109.37299 | CR53: =SUM(CR25,CR18,CR11,CR4,CR39,CR46,CR32) -> 104.31058 | CS53: =SUM(CS25,CS18,CS11,CS4,CS39,CS46,CS32) -> 75.873723 | ... EY53: =SUM(EY25,EY18,EY11,EY4,EY39,EY46,EY32) -> 108.49781
D54: Projected | E54: =SUM(E26,E19,E12,E4,) -> 357.83598 | F54: =SUM(F26,F19,F12,F4,) -> 346.79435 | G54: =SUM(G26,G19,G12,G4,) -> 376.44535 | H54: =SUM(H26,H19,H12,H4,) -> 357.26518 | I54: =SUM(I26,I19,I12,I4,) -> 357.552 | J54: =SUM(J26,J19,J12,J4,) -> 352.49658 | K54: =SUM(K26,K19,K12,K4,) -> 329.59658 | L54: =SUM(L26,L19,L12,L4,) -> 339.26965 | ... BH54: =SUM(BH26,BH19,BH12,BH4,) -> 176.88 | BI54: =SUM(BI26,BI19,BI12,BI4,BI40,BI47) -> 171.88 | BJ54: =SUM(BJ26,BJ19,BJ12,BJ4,BJ40,BJ47) -> 202.88 | BK54: =SUM(BK26,BK19,BK12,BK4,BK40,BK47) -> 198.88 | BL54: =SUM(BL26,BL19,BL12,BL4,BL40,BL47) -> 192.88 | BM54: =SUM(BM26,BM19,BM12,BM4,BM40,BM47) -> 183.88 | BN54: =SUM(BN26,BN19,BN12,BN4,BN40,BN47) -> 198.88 | BO54: =SUM(BO26,BO19,BO12,BO4,BO40,BO47) -> 203.88 | BP54: =SUM(BP26,BP19,BP12,BP4,BP40,BP47) -> 195.88 | ... CK54: =SUM(CK26,CK19,CK12,CK4,CK40,CK47) -> 143.88 | CL54: =SUM(CL26,CL19,CL12,CL4,CL40,CL47,CL33) -> 140.88 | CM54: =SUM(CM26,CM19,CM12,CM4,CM40,CM47,CM33) -> 137.88 | CN54: =SUM(CN26,CN19,CN12,CN4,CN40,CN47,CN33) -> 133.88 | CO54: =SUM(CO26,CO19,CO12,CO4,CO40,CO47,CO33) -> 132.88 | CP54: =SUM(CP26,CP19,CP12,CP4,CP40,CP47,CP33) -> 131.88 | CQ54: =SUM(CQ26,CQ19,CQ12,CQ4,CQ40,CQ47,CQ33) -> 129.88 | CR54: =SUM(CR26,CR19,CR12,CR4,CR40,CR47,CR33) -> 124.88 | CS54: =SUM(CS26,CS19,CS12,CS4,CS40,CS47,CS33) -> 123.88 | ... EY54: =SUM(EY26,EY19,EY12,EY4,EY40,EY47,EY33) -> 108.88
D55: Budget Vs Actual | E55: =E54/E51 -> 1.1746956 | F55: =F54/F51 -> 1.1384484 | G55: =G54/G51 -> 1.2299008 | H55: =H54/H51 -> 1.1672364 | I55: =I54/I51 -> 1.1681735 | J55: =J54/J51 -> 1.1516567 | K55: =K54/K51 -> 1.1089977 | L55: =L54/L51 -> 1.1415448 | ... EY55: =EY54/EY51 -> #DIV/0!
D56: Forecast Vs Actual | E56: =E54/E52 -> 1.1304876 | F56: =F54/F52 -> 1.0198575 | G56: =G54/G52 -> 0.95145381 | H56: =H54/H52 -> 0.95795813 | I56: =I54/I52 -> 0.98477882 | J56: =J54/J52 -> 0.95229377 | K56: =K54/K52 -> 1.0014777 | L56: =L54/L52 -> 1.123371 | ... EY56: =EY54/EY52 -> 1.1079371
U59: =U10/15 -> 11.447328 | V59: =V10/15 -> 12.121623 | W59: =W10/15 -> 11.890171 | X59: =X10/15 -> 11.48514 | Y59: =Y10/15 -> 11.232176 | Z59: =Z10/15 -> 9.9933048 | AA59: =AA10/15 -> 10.314198 | AB59: =AB10/15 -> 7.0721727 | ... AS59: =AS10/15 -> 5.0829303 | AT59: =AT10/5 -> 22.068558 | AU59: =AU10/5 -> 20.620517 | AV59: =AV10/5 -> 19.76931 | AW59: =AW10/5 -> 13.110449 | AX59: =AX10/5 -> 17.797565 | AY59: =AY10/5 -> 21.913043 | AZ59: =AZ10/5 -> 21.333333 | BA59: =BA10/5 -> 17.066667 | ... BG59: =BG10/5 -> 22.044444
U60: =U59+U59*0.15 -> 13.164427 | V60: =V59+V59*0.15 -> 13.939867 | W60: =W59+W59*0.15 -> 13.673697 | X60: =X59+X59*0.15 -> 13.207911 | Y60: =Y59+Y59*0.15 -> 12.917002 | Z60: =Z59+Z59*0.15 -> 11.492301 | AA60: =AA59+AA59*0.15 -> 11.861328 | AB60: =AB59+AB59*0.15 -> 8.1329986 | ... BG60: =BG59+BG59*0.15 -> 25.351111

Sheet CO
A1: H2R Department | B1: Client Name | C1: Country | E1: 45340 | F1: =E1+7 -> 45347 | G1: =F1+7 -> 45354 | H1: =G1+7 -> 45361 | I1: =H1+7 -> 45368 | J1: =I1+7 -> 45375 | K1: =J1+7 -> 45382 | L1: =K1+7 -> 45389 | M1: =L1+7 -> 45396 | ... EY1: =EX1+7 -> 46390
A2: Door Dash | B2: DoorDash Montreal | C2: Canada | D2: Budget | Q2: 21 | R2: 28 | S2: 28 | T2: 28 | U2: 28 | V2: 28 | W2: 28 | X2: 28 | Y2: 28 | Z2: 28 | AA2: 28 | AB2: 28 | AC2: 28 | AD2: 28 | AE2: 28 | AF2: 28 | AG2: 28 | AH2: 28 | AI2: 28 | AJ2: 28 | AK2: 28 | AL2: 28 | AM2: 28 | AN2: 28 | AO2: 28 | AP2: 28 | AQ2: 28 | AR2: 28 | AS2: 28 | AT2: 28 | AU2: =AT2 -> 28 | AV2: =AU2 -> 28 | AW2: 28
D3: Forecast | P3: 0 | Q3: 22 | R3: 22 | S3: 22 | T3: 11 | U3: 21 | V3: 21 | W3: 17 | X3: 28 | Y3: 24 | Z3: 27 | AA3: 27 | AB3: 27 | AC3: 25 | AD3: 27 | AE3: 19 | AF3: 11 | AG3: 19 | AH3: 17 | AI3: 17 | AJ3: 27 | AK3: 27 | AL3: 27 | AM3: 27 | AN3: 27 | AO3: 30 | AP3: 30 | AQ3: 27 | AR3: 27 | AS3: 31 | AT3: 27 | AU3: 27 | AV3: 27 | AW3: 30 | AX3: 31 | AY3: 27 | AZ3: 27 | BA3: 27 | BB3: 27 | BC3: 27 | BD3: 27 | BE3: 27 | BF3: 27 | BG3: 27 | BH3: 27 | BI3: 27 | BJ3: 28 | BK3: 28 | BL3: 28 | BM3: 27 | BN3: 28 | BO3: 27 | BP3: 25 | BQ3: 25 | BR3: 24 | BS3: 23 | BT3: 23 | BU3: 23 | BV3: 22 | BW3: 22 | BX3: 9
D4: Required | P4: 19.55 | Q4: 18.7 | R4: 18.513 | S4: 20.196 | T4: 10.098 | U4: 20.0376 | V4: 29.6208 | W4: 16 | X4: 25 | Y4: 24 | Z4: 24 | AA4: 24 | AB4: 22 | AC4: 19 | AD4: 28 | AE4: 12 | AF4: 21 | AG4: 21 | AH4: 17 | AI4: 16 | AJ4: 23 | AK4: 22 | AL4: 22 | AM4: 21 | AN4: 20 | AO4: 20 | AP4: 20 | AQ4: 20 | AR4: 27 | AS4: 34 | AT4: 34 | AU4: 36 | AV4: 34 | AW4: 34 | AX4: 34 | AY4: 33 | AZ4: 31 | BA4: 30 | BB4: 30 | BC4: 29 | BD4: 27 | BE4: 27 | BF4: 25 | BG4: 29 | BH4: 28 | BI4: 28 | BJ4: 29 | BK4: 30 | BL4: 29 | BM4: 25 | BN4: 26 | BO4: 25 | BP4: 24 | BQ4: 22 | BR4: 21 | BS4: 21 | BT4: 20 | BU4: 18 | BV4: 17 | BW4: 16 | BX4: 14
D5: Projected | AA5: 27 | AB5: 26 | AC5: 22 | AD5: 34 | AE5: 14 | AF5: 25 | AG5: 25 | AH5: 30 | AI5: 29 | AJ5: 29 | AK5: 28 | AL5: 27 | AM5: 26 | AN5: 26 | AO5: 26 | AP5: 26 | AQ5: 25 | AR5: 46 | AS5: 46 | AT5: 44 | AU5: 44 | AV5: 43 | AW5: 42 | AX5: 42 | AY5: 40 | AZ5: 38 | BA5: 37 | BB5: 37 | BC5: 36 | BD5: 34 | BE5: 33 | BF5: 31 | BG5: 31 | BH5: 31 | BI5: 31 | BJ5: 31 | BK5: 33 | BL5: 33 | BM5: 31 | BN5: 30 | BO5: 29 | BP5: 28 | BQ5: 26 | BR5: 25 | BS5: 24 | BT5: 23 | BU5: 21 | BV5: 20 | BW5: 19 | BX5: 17
D6: Budget Vs Actual | E6: =E4/E2 -> #DIV/0! | F6: =F4/F2 -> #DIV/0! | G6: =G4/G2 -> #DIV/0! | H6: =H4/H2 -> #DIV/0! | I6: =I4/I2 -> #DIV/0! | J6: =J4/J2 -> #DIV/0! | K6: =K4/K2 -> #DIV/0! | L6: =L4/L2 -> #DIV/0! | ... EY6: =EY4/EY2 -> #DIV/0!
D7: Forecast Vs Actual | E7: =E4/E3 -> #DIV/0! | F7: =F4/F3 -> #DIV/0! | G7: =G4/G3 -> #DIV/0! | H7: =H4/H3 -> #DIV/0! | I7: =I4/I3 -> #DIV/0! | J7: =J4/J3 -> #DIV/0! | K7: =K4/K3 -> #DIV/0! | L7: =L4/L3 -> #DIV/0! | ... AA7: =AA4/AA3 -> 0.88888889 | AB7: =AB5/AB3 -> 0.96296296 | AC7: =AC5/AC3 -> 0.88 | AD7: =AD5/AD3 -> 1.2592593 | AE7: =AE5/AE3 -> 0.73684211 | AF7: =AF5/AF3 -> 2.2727273 | AG7: =AG5/AG3 -> 1.3157895 | AH7: =AH5/AH3 -> 1.7647059 | AI7: =AI5/AI3 -> 1.7058824 | ... AR7: =AR5/AR3 -> 1.7037037 | AS7: =AS4/AS3 -> 1.0967742 | AT7: =AT4/AT3 -> 1.2592593 | AU7: =AU4/AU3 -> 1.3333333 | AV7: =AV4/AV3 -> 1.2592593 | AW7: =AW4/AW3 -> 1.1333333 | AX7: =AX4/AX3 -> 1.0967742 | AY7: =AY4/AY3 -> 1.2222222 | AZ7: =AZ4/AZ3 -> 1.1481481 | ... EY7: =EY4/EY3 -> #DIV/0!
A9: ExactScience | B9: ExactScience | C9: Colombia | D9: Budget | X9: 25 | Y9: 25 | Z9: 25 | AA9: 25 | AB9: 25 | AC9: 25 | AD9: 25 | AE9: 25 | AF9: 25 | AG9: 25 | AH9: 25 | AI9: 25 | AJ9: 25 | AK9: 25 | AL9: 25 | AM9: 25 | AN9: 25 | AO9: 25 | AP9: 25 | AQ9: 25 | AR9: 25 | AS9: 25 | AT9: 25 | AU9: 25 | AV9: 25 | AW9: 25 | AX9: 25 | AY9: 25 | AZ9: 25 | BA9: 25 | BB9: 25 | BC9: 25 | BD9: 25 | BE9: 25 | BF9: 25 | BG9: 25 | BH9: 25 | BI9: 25 | BJ9: 25 | BK9: 25 | BL9: 25 | BM9: 25 | BN9: 25 | BO9: 25 | BP9: 25 | BQ9: 25 | BR9: 25 | BS9: 25 | BT9: 25 | BU9: 25 | BV9: 25 | BW9: 25 | BX9: 25 | BY9: 25 | BZ9: 25 | CA9: 25 | CB9: 25 | CC9: 25 | CD9: 25 | CE9: 25 | CF9: 25 | CG9: 25 | CH9: 25 | CI9: 25 | CJ9: 25 | CK9: 25 | CL9: 25 | CM9: 25 | CN9: 25 | CO9: 25 | CP9: 25 | CQ9: 25 | CR9: 25 | CS9: 25 | CT9: 25 | CU9: 25 | CV9: 25 | CW9: 25 | CX9: 25 | CY9: 25 | CZ9: 25 | DA9: 25 | DB9: 25 | DC9: 25 | DD9: 25 | DE9: 25 | DF9: 54 | DG9: 54 | DH9: 54 | DI9: 54 | DJ9: 54 | DK9: 54 | DL9: 54 | DM9: 54 | DN9: 54 | DO9: 54 | DP9: 54 | DQ9: 54 | DR9: 54 | DS9: 54 | DT9: 54 | DU9: 54 | DV9: 54 | DW9: 54 | DX9: 54 | DY9: 54 | DZ9: 54 | EA9: 54 | EB9: 54 | EC9: 54 | ED9: 54 | EE9: 54 | EF9: 54 | EG9: 54 | EH9: 54 | EI9: 54 | EJ9: 54 | EK9: 54 | EL9: 54 | EM9: 54 | EN9: 54 | EO9: 54 | EP9: 54 | EQ9: 54 | ER9: 54 | ES9: 54 | ET9: 54 | EU9: 54 | EV9: 54 | EW9: 54 | EX9: 54 | EY9: 54
D10: Forecast | X10: 10 | Y10: 10 | Z10: 10 | AA10: 10 | AB10: 17 | AC10: 22 | AD10: 30 | AE10: 30 | AF10: 30 | AG10: 30 | AH10: 30 | AI10: 30 | AJ10: 30 | AK10: 30 | AL10: 30 | AM10: 30 | AN10: 30 | AO10: 30 | AP10: 30 | AQ10: 30 | AR10: 30 | AS10: 30 | AT10: 30 | AU10: 30 | AV10: 30 | AW10: 30 | AX10: 30 | AY10: 30 | AZ10: 30 | BA10: 30 | BB10: 30 | BC10: 30 | BD10: 30 | BE10: 30 | BF10: 30 | BG10: 30 | BH10: 30 | BI10: 30 | BJ10: 30 | BK10: 30 | BL10: 30 | BM10: 30 | BN10: 30 | BO10: 30 | BP10: 30 | BQ10: 30 | BR10: 30 | BS10: 30 | BT10: 30 | BU10: 30 | BV10: 30 | BW10: 30 | BX10: 30 | BY10: 30 | BZ10: 30 | CA10: 30 | CB10: 30 | CC10: 30 | CD10: 30 | CE10: 30 | CF10: 30 | CG10: 30 | CH10: 30 | CI10: 42 | CJ10: 30 | CK10: 42 | CL10: 42 | CM10: 42 | CN10: 42 | CO10: 42 | CP10: 42 | CQ10: 54 | CR10: 54 | CS10: 54 | CT10: 54 | CU10: 54 | CV10: 54 | CW10: 54 | CX10: 54 | CY10: 54 | CZ10: 54 | DA10: 54 | DB10: 54 | DC10: 54 | DD10: 54 | DE10: 54 | DF10: 54 | DG10: 54 | DH10: 54 | DI10: 54 | DJ10: 54 | DK10: 54 | DL10: 54 | DM10: 54 | DN10: 54 | DO10: 54 | DP10: 54 | DQ10: 54 | DR10: 54 | DS10: 54 | DT10: 54 | DU10: 54 | DV10: 54 | DW10: 54 | DX10: 54 | DY10: 54 | DZ10: 54 | EA10: 54 | EB10: 54 | EC10: 54 | ED10: 54 | EE10: 54 | EF10: 54 | EG10: 54 | EH10: 54 | EI10: 54 | EJ10: 54 | EK10: 54 | EL10: 54 | EM10: 54 | EN10: 54 | EO10: 54 | EP10: 54 | EQ10: 54 | ER10: 54 | ES10: 54 | ET10: 54 | EU10: 54 | EV10: 54 | EW10: 54 | EX10: 54 | EY10: 54
D11: Required | X11: 11.913626 | Y11: 11.913626 | Z11: 11.775096 | AA11: 11.775096 | AB11: 20.017663 | AC11: 25.252525 | AD11: 34.435262 | AE11: 33.670034 | AF11: 33.670034 | AG11: 34.048349 | AH11: 34.048349 | AI11: 34.048349 | AJ11: 34.048349 | AK11: 34.048349 | AL11: 34.048349 | AM11: 34.048349 | AN11: 34.048349 | AO11: 34.048349 | AP11: 34.048349 | AQ11: 34.048349 | AR11: 34.048349 | AS11: 34.048349 | AT11: 34.048349 | AU11: 34.048349 | AV11: 34.048349 | AW11: 34.048349 | AX11: 34.048349 | AY11: 34.048349 | AZ11: 34.048349 | BA11: 34.048349 | BB11: 34.048349 | BC11: 34.048349 | BD11: 34.048349 | BE11: 34.048349 | BF11: 34.048349 | BG11: 34.048349 | BH11: 34.048349 | BI11: 34.048349 | BJ11: 34.048349 | BK11: 34.048349 | BL11: 34.048349 | BM11: 34.048349 | BN11: 34.048349 | BO11: 34.048349 | BP11: 34.048349 | BQ11: 34.048349 | BR11: 34.048349 | BS11: 34.048349 | BT11: 34.048349 | BU11: 38.04017 | BV11: 43.513576 | BW11: 34.931447 | BX11: 34.931447 | BY11: 32.938076 | BZ11: 32.938076 | CA11: 32.938076 | CB11: 32.760033 | CC11: 32.760033 | CD11: 32.760033 | CE11: 32.760033 | CF11: 32.760033 | CG11: 32.760033 | CH11: 32.760033 | CI11: 32.760033 | CJ11: 32.760033 | CK11: 32.760033 | CL11: 45.793594 | CM11: 42 | CN11: 42 | CO11: 42 | CP11: 42 | CQ11: 54 | CR11: 54 | CS11: 54 | CT11: 54 | CU11: 54 | CV11: 54 | CW11: 54 | CX11: 54 | CY11: 54 | CZ11: 54 | DA11: 54 | DB11: 54 | DC11: 54 | DD11: 54 | DE11: 54 | DF11: 54 | DG11: 54 | DH11: 54 | DI11: 54 | DJ11: 54 | DK11: 54 | DL11: 54 | DM11: 54 | DN11: 54 | DO11: 54 | DP11: 54 | DQ11: 54 | DR11: 54 | DS11: 54 | DT11: 54 | DU11: 54 | DV11: 54 | DW11: 54 | DX11: 54 | DY11: 54 | DZ11: 54 | EA11: 58 | EB11: 58 | EC11: 53 | ED11: 53 | EE11: 53 | EF11: 53 | EG11: 53 | EH11: 53 | EI11: 53 | EJ11: 53 | EK11: 53 | EL11: 53 | EM11: 53 | EN11: 53 | EO11: 53 | EP11: 53 | EQ11: 53 | ER11: 53 | ES11: 53 | ET11: 53 | EU11: 54 | EV11: 54 | EW11: 54 | EX11: 54 | EY11: 54
D12: Projected | X12: 14 | Y12: 12 | Z12: 10 | AA12: 10 | AB12: 10 | AC12: 27 | AD12: 25 | AE12: 36 | AF12: 32 | AG12: 31 | AH12: 30 | AI12: 29 | AJ12: 27 | AK12: 27 | AL12: 27 | AM12: 26 | AN12: 34 | AO12: 36.363636 | AP12: 35.227273 | AQ12: 35.227273 | AR12: 32.954545 | AS12: 32.954545 | AT12: 31.818182 | AU12: 42.045455 | AV12: 42.045455 | AW12: 39.772727 | AX12: 36.363636 | AY12: 42.045455 | AZ12: 39.772727 | BA12: 38.636364 | BB12: 37.5 | BC12: 36.363636 | BD12: 34.090909 | BE12: 40.909091 | BF12: 40.909091 | BG12: 40.909091 | BH12: 39.772727 | BI12: 46.590909 | BJ12: 45.454545 | BK12: 42.045455 | BL12: 40.909091 | BM12: 40.909091 | BN12: 38.636364 | BO12: 38.636364 | BP12: 43.181818 | BQ12: 43.181818 | BR12: 43.181818 | BS12: 42.045455 | BT12: 40.909091 | BU12: 39.772727 | BV12: 45.454545 | BW12: 39 | BX12: 39 | BY12: 38 | BZ12: 37 | CA12: 37 | CB12: 36.63 | CC12: 36.63 | CD12: 36 | CE12: 35 | CF12: 35 | CG12: 35 | CH12: 34 | CI12: 33 | CJ12: 33 | CK12: 36 | CL12: 46 | CM12: 48 | CN12: 49 | CO12: 49 | CP12: 57 | CQ12: 65 | CR12: 66 | CS12: 66 | CT12: 66 | CU12: 66 | CV12: 63 | CW12: 63 | CX12: 63 | CY12: 63 | CZ12: 64 | DA12: 61 | DB12: 61 | DC12: 61 | DD12: 59 | DE12: 60 | DF12: 58.947368 | DG12: 57.894737 | DH12: 55.789474 | DI12: 53.684211 | DJ12: 54.736842 | DK12: 54.736842 | DL12: 53.684211 | DM12: 62.105263 | DN12: 61.052632 | DO12: 61.052632 | DP12: 60 | DQ12: 56.842105 | DR12: 56.842105 | DS12: 57.894737 | DT12: 57.894737 | DU12: 57.894737 | DV12: 54.736842 | DW12: 55.789474 | DX12: 55.789474 | DY12: 55.789474 | DZ12: 55.789474 | EA12: 60 | EB12: 59 | EC12: 57 | ED12: 57 | EE12: 56 | EF12: 54.6 | EG12: 53.76 | EH12: 52.43 | EI12: 51.6152 | EJ12: 50.3517 | EK12: 49.561344 | EL12: 48.361019 | EM12: 47.594374 | EN12: 46.454065 | EO12: 45.710419 | EP12: 44.627126 | EQ12: 46.900232 | ER12: 45.571659 | ES12: 44.791112 | ET12: 43.81344 | EU12: =EU11 -> 54 | EV12: =EV11 -> 54 | EW12: =EW11 -> 54 | EX12: =EX11 -> 54 | EY12: =EY11 -> 54
D13: Budget Vs Actual | E13: =E11/E9 -> #DIV/0! | F13: =F11/F9 -> #DIV/0! | G13: =G11/G9 -> #DIV/0! | H13: =H11/H9 -> #DIV/0! | I13: =I11/I9 -> #DIV/0! | J13: =J11/J9 -> #DIV/0! | K13: =K11/K9 -> #DIV/0! | L13: =L11/L9 -> #DIV/0! | ... EY13: =EY11/EY9 -> 1
D14: Forecast Vs Actual | E14: =E11/E10 -> #DIV/0! | F14: =F11/F10 -> #DIV/0! | G14: =G11/G10 -> #DIV/0! | H14: =H11/H10 -> #DIV/0! | I14: =I11/I10 -> #DIV/0! | J14: =J11/J10 -> #DIV/0! | K14: =K11/K10 -> #DIV/0! | L14: =L11/L10 -> #DIV/0! | ... AA14: =AA11/AA10 -> 1.1775096 | AB14: =AB12/AB10 -> 0.58823529 | AC14: =AC12/AC10 -> 1.2272727 | AD14: =AD12/AD10 -> 0.83333333 | AE14: =AE12/AE10 -> 1.2 | AF14: =AF12/AF10 -> 1.0666667 | AG14: =AG12/AG10 -> 1.0333333 | AH14: =AH12/AH10 -> 1 | AI14: =AI12/AI10 -> 0.96666667 | ... AR14: =AR12/AR10 -> 1.0984848 | AS14: =AS11/AS10 -> 1.134945 | AT14: =AT11/AT10 -> 1.134945 | AU14: =AU11/AU10 -> 1.134945 | AV14: =AV11/AV10 -> 1.134945 | AW14: =AW11/AW10 -> 1.134945 | AX14: =AX11/AX10 -> 1.134945 | AY14: =AY11/AY10 -> 1.134945 | AZ14: =AZ11/AZ10 -> 1.134945 | ... EY14: =EY11/EY10 -> 1
D16: Budget
D17: Forecast
D18: Required
D19: Projected | CG19: =CG18 -> 0 | CH19: =CH18 -> 0 | CI19: =CI18 -> 0 | CJ19: =CJ18 -> 0 | CK19: =CK18 -> 0 | CL19: =CL18 -> 0 | CM19: =CM18 -> 0 | CN19: =CN18 -> 0 | ... EY19: =EY18 -> 0
D20: Budget Vs Actual | E20: =E18/E16 -> #DIV/0! | F20: =F18/F16 -> #DIV/0! | G20: =G18/G16 -> #DIV/0! | H20: =H18/H16 -> #DIV/0! | I20: =I18/I16 -> #DIV/0! | J20: =J18/J16 -> #DIV/0! | K20: =K18/K16 -> #DIV/0! | L20: =L18/L16 -> #DIV/0! | ... EY20: =EY18/EY16 -> #DIV/0!
D21: Forecast Vs Actual | E21: =E18/E17 -> #DIV/0! | F21: =F18/F17 -> #DIV/0! | G21: =G18/G17 -> #DIV/0! | H21: =H18/H17 -> #DIV/0! | I21: =I18/I17 -> #DIV/0! | J21: =J18/J17 -> #DIV/0! | K21: =K18/K17 -> #DIV/0! | L21: =L18/L17 -> #DIV/0! | ... AA21: =AA18/AA17 -> #DIV/0! | AB21: =AB19/AB17 -> #DIV/0! | AC21: =AC19/AC17 -> #DIV/0! | AD21: =AD19/AD17 -> #DIV/0! | AE21: =AE19/AE17 -> #DIV/0! | AF21: =AF19/AF17 -> #DIV/0! | AG21: =AG19/AG17 -> #DIV/0! | AH21: =AH19/AH17 -> #DIV/0! | AI21: =AI19/AI17 -> #DIV/0! | ... AR21: =AR19/AR17 -> #DIV/0! | AS21: =AS18/AS17 -> #DIV/0! | AT21: =AT18/AT17 -> #DIV/0! | AU21: =AU18/AU17 -> #DIV/0! | AV21: =AV18/AV17 -> #DIV/0! | AW21: =AW18/AW17 -> #DIV/0! | AX21: =AX18/AX17 -> #DIV/0! | AY21: =AY18/AY17 -> #DIV/0! | AZ21: =AZ18/AZ17 -> #DIV/0! | ... EY21: =EY18/EY17 -> #DIV/0!
D23: Budget
D24: Forecast
D25: Required
D26: Projected | DE26: =DE25 -> 0 | DF26: =DF25 -> 0 | DG26: =DG25 -> 0 | DH26: =DH25 -> 0 | DI26: =DI25 -> 0 | DJ26: =DJ25 -> 0 | DK26: =DK25 -> 0 | DL26: =DL25 -> 0 | ... EY26: =EY25 -> 0
D27: Budget Vs Actual | E27: =E25/E23 -> #DIV/0! | F27: =F25/F23 -> #DIV/0! | G27: =G25/G23 -> #DIV/0! | H27: =H25/H23 -> #DIV/0! | I27: =I25/I23 -> #DIV/0! | J27: =J25/J23 -> #DIV/0! | K27: =K25/K23 -> #DIV/0! | L27: =L25/L23 -> #DIV/0! | ... EY27: =EY25/EY23 -> #DIV/0!
D28: Forecast Vs Actual | E28: =E25/E24 -> #DIV/0! | F28: =F25/F24 -> #DIV/0! | G28: =G25/G24 -> #DIV/0! | H28: =H25/H24 -> #DIV/0! | I28: =I25/I24 -> #DIV/0! | J28: =J25/J24 -> #DIV/0! | K28: =K25/K24 -> #DIV/0! | L28: =L25/L24 -> #DIV/0! | ... AA28: =AA25/AA24 -> #DIV/0! | AB28: =AB26/AB24 -> #DIV/0! | AC28: =AC26/AC24 -> #DIV/0! | AD28: =AD26/AD24 -> #DIV/0! | AE28: =AE26/AE24 -> #DIV/0! | AF28: =AF26/AF24 -> #DIV/0! | AG28: =AG26/AG24 -> #DIV/0! | AH28: =AH26/AH24 -> #DIV/0! | AI28: =AI26/AI24 -> #DIV/0! | ... AR28: =AR26/AR24 -> #DIV/0! | AS28: =AS25/AS24 -> #DIV/0! | AT28: =AT25/AT24 -> #DIV/0! | AU28: =AU25/AU24 -> #DIV/0! | AV28: =AV25/AV24 -> #DIV/0! | AW28: =AW25/AW24 -> #DIV/0! | AX28: =AX25/AX24 -> #DIV/0! | AY28: =AY25/AY24 -> #DIV/0! | AZ28: =AZ25/AZ24 -> #DIV/0! | ... EY28: =EY25/EY24 -> #DIV/0!
A30: Columbia Total Reporting to Mir | B30: Columbia Mir Total | C30: Columbia | D30: Budget | BT30: =BT2+BT9+BT16 -> 25 | BU30: =BU2+BU9+BU16 -> 25 | BV30: =BV2+BV9+BV16 -> 25 | BW30: =BW2+BW9+BW16 -> 25 | BX30: =BX2+BX9+BX16 -> 25 | BY30: =BY2+BY9+BY16 -> 25 | BZ30: =BZ2+BZ9+BZ16 -> 25 | CA30: =CA2+CA9+CA16 -> 25 | ... EY30: =EY2+EY9+EY16 -> 54
D31: Forecast | BT31: =BT3+BT10+BT17 -> 53 | BU31: =BU3+BU10+BU17 -> 53 | BV31: =BV3+BV10+BV17 -> 52 | BW31: =BW3+BW10+BW17 -> 52 | BX31: =BX3+BX10+BX17 -> 39 | BY31: =BY3+BY10+BY17 -> 30 | BZ31: =BZ3+BZ10+BZ17 -> 30 | CA31: =CA3+CA10+CA17 -> 30 | ... DD31: =DD3+DD10+DD17 -> 54 | DE31: =DE3+DE10+DE17+DE24 -> 54 | DF31: =DF3+DF10+DF17+DF24 -> 54 | DG31: =DG3+DG10+DG17+DG24 -> 54 | DH31: =DH3+DH10+DH17+DH24 -> 54 | DI31: =DI3+DI10+DI17+DI24 -> 54 | DJ31: =DJ3+DJ10+DJ17+DJ24 -> 54 | DK31: =DK3+DK10+DK17+DK24 -> 54 | DL31: =DL3+DL10+DL17+DL24 -> 54 | ... DT31: =DT3+DT10+DT17+DT24 -> 54 | DU31: =DU3+DU10+DU17 -> 54 | DV31: =DV3+DV10+DV17 -> 54 | DW31: =DW3+DW10+DW17 -> 54 | DX31: =DX3+DX10+DX17 -> 54 | DY31: =DY3+DY10+DY17 -> 54 | DZ31: =DZ3+DZ10+DZ17 -> 54 | EA31: =EA3+EA10+EA17 -> 54 | EB31: =EB3+EB10+EB17 -> 54 | ... EY31: =EY3+EY10+EY17 -> 54
D32: Required | BT32: =BT4+BT11+BT18 -> 54.048349 | BU32: =BU4+BU11+BU18 -> 56.04017 | BV32: =BV4+BV11+BV18 -> 60.513576 | BW32: =BW4+BW11+BW18 -> 50.931447 | BX32: =BX4+BX11+BX18 -> 48.931447 | BY32: =BY4+BY11+BY18 -> 32.938076 | BZ32: =BZ4+BZ11+BZ18 -> 32.938076 | CA32: =CA4+CA11+CA18 -> 32.938076 | ... DD32: =DD4+DD11+DD18 -> 54 | DE32: =DE4+DE11+DE18+DE25 -> 54 | DF32: =DF4+DF11+DF18+DF25 -> 54 | DG32: =DG4+DG11+DG18+DG25 -> 54 | DH32: =DH4+DH11+DH18+DH25 -> 54 | DI32: =DI4+DI11+DI18+DI25 -> 54 | DJ32: =DJ4+DJ11+DJ18+DJ25 -> 54 | DK32: =DK4+DK11+DK18+DK25 -> 54 | DL32: =DL4+DL11+DL18+DL25 -> 54 | ... DT32: =DT4+DT11+DT18+DT25 -> 54 | DU32: =DU4+DU11+DU18 -> 54 | DV32: =DV4+DV11+DV18 -> 54 | DW32: =DW4+DW11+DW18 -> 54 | DX32: =DX4+DX11+DX18 -> 54 | DY32: =DY4+DY11+DY18 -> 54 | DZ32: =DZ4+DZ11+DZ18 -> 54 | EA32: =EA4+EA11+EA18 -> 58 | EB32: =EB4+EB11+EB18 -> 58 | ... EY32: =EY4+EY11+EY18 -> 54
D33: Projected | BT33: =BT5+BT12+BT19 -> 63.909091 | BU33: =BU5+BU12+BU19 -> 60.772727 | BV33: =BV5+BV12+BV19 -> 65.454545 | BW33: =BW5+BW12+BW19 -> 58 | BX33: =BX5+BX12+BX19 -> 56 | BY33: =BY5+BY12+BY19 -> 38 | BZ33: =BZ5+BZ12+BZ19 -> 37 | CA33: =CA5+CA12+CA19 -> 37 | ... DD33: =DD5+DD12+DD19 -> 59 | DE33: =DE5+DE12+DE19+DE26 -> 60 | DF33: =DF5+DF12+DF19+DF26 -> 58.947368 | DG33: =DG5+DG12+DG19+DG26 -> 57.894737 | DH33: =DH5+DH12+DH19+DH26 -> 55.789474 | DI33: 55.789474 | DJ33: 55.789474 | DK33: 54.810526 | DL33: 54.810526 | DM33: 60.865491 | DN33: 58.691353 | DO33: 57.770612 | DP33: 56.370612 | DQ33: 55.382757 | DR33: 54.210652 | DS33: 53.252432 | DT33: 52.138932 | DU33: 51.209459 | DV33: 50.151634 | DW33: 49.250045 | DX33: 48.245112 | DY33: =DY5+DY12+DY19 -> 55.789474 | DZ33: =DZ5+DZ12+DZ19 -> 55.789474 | EA33: =EA5+EA12+EA19 -> 60 | EB33: =EB5+EB12+EB19 -> 59 | EC33: =EC5+EC12+EC19 -> 57 | ED33: =ED5+ED12+ED19 -> 57 | EE33: =EE5+EE12+EE19 -> 56 | EF33: =EF5+EF12+EF19 -> 54.6 | ... EY33: =EY5+EY12+EY19 -> 54
D34: Budget Vs Actual | E34: =E32/E30 -> #DIV/0! | F34: =F32/F30 -> #DIV/0! | G34: =G32/G30 -> #DIV/0! | H34: =H32/H30 -> #DIV/0! | I34: =I32/I30 -> #DIV/0! | J34: =J32/J30 -> #DIV/0! | K34: =K32/K30 -> #DIV/0! | L34: =L32/L30 -> #DIV/0! | ... EY34: =EY32/EY30 -> 1
D35: Forecast Vs Actual | E35: =E32/E31 -> #DIV/0! | F35: =F32/F31 -> #DIV/0! | G35: =G32/G31 -> #DIV/0! | H35: =H32/H31 -> #DIV/0! | I35: =I32/I31 -> #DIV/0! | J35: =J32/J31 -> #DIV/0! | K35: =K32/K31 -> #DIV/0! | L35: =L32/L31 -> #DIV/0! | ... AA35: =AA32/AA31 -> #DIV/0! | AB35: =AB33/AB31 -> #DIV/0! | AC35: =AC33/AC31 -> #DIV/0! | AD35: =AD33/AD31 -> #DIV/0! | AE35: =AE33/AE31 -> #DIV/0! | AF35: =AF33/AF31 -> #DIV/0! | AG35: =AG33/AG31 -> #DIV/0! | AH35: =AH33/AH31 -> #DIV/0! | AI35: =AI33/AI31 -> #DIV/0! | ... AR35: =AR33/AR31 -> #DIV/0! | AS35: =AS32/AS31 -> #DIV/0! | AT35: =AT32/AT31 -> #DIV/0! | AU35: =AU32/AU31 -> #DIV/0! | AV35: =AV32/AV31 -> #DIV/0! | AW35: =AW32/AW31 -> #DIV/0! | AX35: =AX32/AX31 -> #DIV/0! | AY35: =AY32/AY31 -> #DIV/0! | AZ35: =AZ32/AZ31 -> #DIV/0! | ... EY35: =EY32/EY31 -> 1

Sheet PH
A1: H2R Department | B1: Client Name | C1: Country | E1: 45340 | F1: =E1+7 -> 45347 | G1: =F1+7 -> 45354 | H1: =G1+7 -> 45361 | I1: =H1+7 -> 45368 | J1: =I1+7 -> 45375 | K1: =J1+7 -> 45382 | L1: =K1+7 -> 45389 | M1: =L1+7 -> 45396 | ... EY1: =EX1+7 -> 46390
A2: Door Dash | B2: DoorDash Montreal | C2: Canada | D2: Budget | Q2: 21 | R2: 28 | S2: 28 | T2: 28 | U2: 28 | V2: 28 | W2: 28 | X2: 28 | Y2: 28 | Z2: 28 | AA2: 28 | AB2: 28 | AC2: 28 | AD2: 28 | AE2: 28 | AF2: 28 | AG2: 28 | AH2: 28 | AI2: 28 | AJ2: 28 | AK2: 28 | AL2: 28 | AM2: 28 | AN2: 28 | AO2: 28 | AP2: 28 | AQ2: 28 | AR2: 28 | AS2: 28 | AT2: 28 | AU2: =AT2 -> 28 | AV2: =AU2 -> 28 | AW2: 28
D3: Forecast | P3: 0 | Q3: 22 | R3: 22 | S3: 22 | T3: 11 | U3: 21 | V3: 21 | W3: 17 | X3: 28 | Y3: 24 | Z3: 27 | AA3: 27 | AB3: 27 | AC3: 25 | AD3: 27 | AE3: 19 | AF3: 11 | AG3: 19 | AH3: 17 | AI3: 17 | AJ3: 27 | AK3: 27 | AL3: 27 | AM3: 27 | AN3: 27 | AO3: 30 | AP3: 30 | AQ3: 27 | AR3: 27 | AS3: 31 | AT3: 27 | AU3: 27 | AV3: 27 | AW3: 30 | AX3: 31 | AY3: 27 | AZ3: 27 | BA3: 27 | BB3: 27 | BC3: 27 | BD3: 27 | BE3: 27 | BF3: 27 | BG3: 27 | BH3: 27 | BI3: 27 | BJ3: 28 | BK3: 28 | BL3: 28 | BM3: 27 | BN3: 28 | BO3: 27 | BP3: 25 | BQ3: 25 | BR3: 24 | BS3: 23 | BT3: 23 | BU3: 23 | BV3: 22 | BW3: 22 | BX3: 9
D4: Required | P4: 19.55 | Q4: 18.7 | R4: 18.513 | S4: 20.196 | T4: 10.098 | U4: 20.0376 | V4: 29.6208 | W4: 16 | X4: 25 | Y4: 24 | Z4: 24 | AA4: 24 | AB4: 22 | AC4: 19 | AD4: 28 | AE4: 12 | AF4: 21 | AG4: 21 | AH4: 17 | AI4: 16 | AJ4: 23 | AK4: 22 | AL4: 22 | AM4: 21 | AN4: 20 | AO4: 20 | AP4: 20 | AQ4: 20 | AR4: 27 | AS4: 34 | AT4: 34 | AU4: 36 | AV4: 34 | AW4: 34 | AX4: 34 | AY4: 33 | AZ4: 31 | BA4: 30 | BB4: 30 | BC4: 29 | BD4: 27 | BE4: 27 | BF4: 25 | BG4: 29 | BH4: 28 | BI4: 28 | BJ4: 29 | BK4: 30 | BL4: 29 | BM4: 25 | BN4: 26 | BO4: 25 | BP4: 24 | BQ4: 22 | BR4: 21 | BS4: 21 | BT4: 20 | BU4: 18 | BV4: 17 | BW4: 16 | BX4: 14
D5: Projected | AA5: 27 | AB5: 26 | AC5: 22 | AD5: 34 | AE5: 14 | AF5: 25 | AG5: 25 | AH5: 30 | AI5: 29 | AJ5: 29 | AK5: 28 | AL5: 27 | AM5: 26 | AN5: 26 | AO5: 26 | AP5: 26 | AQ5: 25 | AR5: 46 | AS5: 46 | AT5: 44 | AU5: 44 | AV5: 43 | AW5: 42 | AX5: 42 | AY5: 40 | AZ5: 38 | BA5: 37 | BB5: 37 | BC5: 36 | BD5: 34 | BE5: 33 | BF5: 31 | BG5: 31 | BH5: 31 | BI5: 31 | BJ5: 31 | BK5: 33 | BL5: 33 | BM5: 31 | BN5: 30 | BO5: 29 | BP5: 28 | BQ5: 26 | BR5: 25 | BS5: 24 | BT5: 23 | BU5: 21 | BV5: 20 | BW5: 19 | BX5: 17
D6: Budget Vs Actual | E6: =E4/E2 -> #DIV/0! | F6: =F4/F2 -> #DIV/0! | G6: =G4/G2 -> #DIV/0! | H6: =H4/H2 -> #DIV/0! | I6: =I4/I2 -> #DIV/0! | J6: =J4/J2 -> #DIV/0! | K6: =K4/K2 -> #DIV/0! | L6: =L4/L2 -> #DIV/0! | ... EY6: =EY4/EY2 -> #DIV/0!
D7: Forecast Vs Actual | E7: =E4/E3 -> #DIV/0! | F7: =F4/F3 -> #DIV/0! | G7: =G4/G3 -> #DIV/0! | H7: =H4/H3 -> #DIV/0! | I7: =I4/I3 -> #DIV/0! | J7: =J4/J3 -> #DIV/0! | K7: =K4/K3 -> #DIV/0! | L7: =L4/L3 -> #DIV/0! | ... AA7: =AA4/AA3 -> 0.88888889 | AB7: =AB5/AB3 -> 0.96296296 | AC7: =AC5/AC3 -> 0.88 | AD7: =AD5/AD3 -> 1.2592593 | AE7: =AE5/AE3 -> 0.73684211 | AF7: =AF5/AF3 -> 2.2727273 | AG7: =AG5/AG3 -> 1.3157895 | AH7: =AH5/AH3 -> 1.7647059 | AI7: =AI5/AI3 -> 1.7058824 | ... AR7: =AR5/AR3 -> 1.7037037 | AS7: =AS4/AS3 -> 1.0967742 | AT7: =AT4/AT3 -> 1.2592593 | AU7: =AU4/AU3 -> 1.3333333 | AV7: =AV4/AV3 -> 1.2592593 | AW7: =AW4/AW3 -> 1.1333333 | AX7: =AX4/AX3 -> 1.0967742 | AY7: =AY4/AY3 -> 1.2222222 | AZ7: =AZ4/AZ3 -> 1.1481481 | ... EY7: =EY4/EY3 -> #DIV/0!
A9: ExactScience | B9: ExactScience | C9: Philippines | D9: Budget | DF9: 228 | DG9: 228 | DH9: 248 | DI9: 248 | DJ9: 248 | DK9: 238 | DL9: 238 | DM9: 285 | DN9: 285 | DO9: 306 | DP9: 306 | DQ9: 306 | DR9: 306 | DS9: 306 | DT9: 306 | DU9: 306 | DV9: 306 | DW9: 306 | DX9: 306 | DY9: 306 | DZ9: 306 | EA9: 306 | EB9: 306 | EC9: 306 | ED9: 306 | EE9: 306 | EF9: 306 | EG9: 306 | EH9: 306 | EI9: 306 | EJ9: 306 | EK9: 306 | EL9: 306 | EM9: 306 | EN9: 306 | EO9: 306 | EP9: 306 | EQ9: 306 | ER9: 306 | ES9: 306 | ET9: 306 | EU9: 306 | EV9: 306 | EW9: 306 | EX9: 306 | EY9: 306
D10: Forecast | AO10: 150 | AP10: 150 | AQ10: 150 | AR10: 150 | AS10: 150 | AT10: 150 | AU10: 150 | AV10: 150 | AW10: 150 | AX10: 150 | AY10: 150 | AZ10: 150 | BA10: 150 | BB10: 150 | BC10: 150 | BD10: 150 | BE10: 150 | BF10: 150 | BG10: 166 | BH10: 166 | BI10: 166 | BJ10: 166 | BK10: 166 | BL10: 166 | BM10: 166 | BN10: 166 | BO10: 166 | BP10: 166 | BQ10: 166 | BR10: 166 | BS10: 166 | BT10: 154 | BU10: 157 | BV10: 157 | BW10: 157 | BX10: 157 | BY10: 157 | BZ10: 157 | CA10: 157 | CB10: 169 | CC10: 169 | CD10: 169 | CE10: 169 | CF10: 169 | CG10: 179 | CH10: 179 | CI10: 191 | CJ10: 196 | CK10: 201 | CL10: 201 | CM10: 201 | CN10: 201 | CO10: 201 | CP10: 201 | CQ10: 194 | CR10: 194 | CS10: 221 | CT10: 194 | CU10: 194 | CV10: 194 | CW10: 194 | CX10: 194 | CY10: 194 | CZ10: 213 | DA10: 213 | DB10: 213 | DC10: 213 | DD10: 213 | DE10: 228 | DF10: 228 | DG10: 228 | DH10: 248 | DI10: 248 | DJ10: 248 | DK10: 238 | DL10: 238 | DM10: 285 | DN10: 285 | DO10: 306 | DP10: 306 | DQ10: 306 | DR10: 306 | DS10: 306 | DT10: 306 | DU10: 306 | DV10: 306 | DW10: 306 | DX10: 306 | DY10: 306 | DZ10: 306 | EA10: 306 | EB10: 306 | EC10: 306 | ED10: 306 | EE10: 306 | EF10: 306 | EG10: 306 | EH10: 306 | EI10: 306 | EJ10: 306 | EK10: 306 | EL10: 306 | EM10: 306 | EN10: 306 | EO10: 306 | EP10: 306 | EQ10: 306 | ER10: 306 | ES10: 306 | ET10: 306 | EU10: 306 | EV10: 306 | EW10: 306 | EX10: 306 | EY10: 306
D11: Required | AO11: 162.27858 | AP11: 167.89026 | AQ11: 167.89026 | AR11: 167.89026 | AS11: 167.89026 | AT11: 167.89026 | AU11: 167.89026 | AV11: 167.89026 | AW11: 167.89026 | AX11: 179.1136 | AY11: 171.3848 | AZ11: 171.3848 | BA11: 191 | BB11: 169 | BC11: 169 | BD11: 169 | BE11: 169 | BF11: 169 | BG11: 189 | BH11: 189 | BI11: 189 | BJ11: 187.77701 | BK11: 185.32884 | BL11: 183 | BM11: 183 | BN11: 183 | BO11: 183 | BP11: 183 | BQ11: 183 | BR11: 183 | BS11: 185 | BT11: 172 | BU11: 186.08054 | BV11: 186.08054 | BW11: 177.63813 | BX11: 177.63813 | BY11: 173 | BZ11: 173 | CA11: 173 | CB11: 186.23632 | CC11: 186.23632 | CD11: 186.23632 | CE11: 186.23632 | CF11: 186.23632 | CG11: 199 | CH11: 199 | CI11: 212 | CJ11: 218 | CK11: 223 | CL11: 223 | CM11: 223 | CN11: 201 | CO11: 201 | CP11: 201 | CQ11: 194 | CR11: 194 | CS11: 242.66539 | CT11: 194 | CU11: 194 | CV11: 194 | CW11: 194 | CX11: 194 | CY11: 194 | CZ11: 213 | DA11: 213 | DB11: 213 | DC11: 213 | DD11: 213 | DE11: 228 | DF11: 228 | DG11: 228 | DH11: 228 | DI11: 248 | DJ11: 256 | DK11: 246 | DL11: 253 | DM11: 294 | DN11: 295 | DO11: 322 | DP11: 322 | DQ11: 321 | DR11: 321 | DS11: 326 | DT11: 305 | DU11: 305 | DV11: 305 | DW11: 305 | DX11: 305 | DY11: 325 | DZ11: 305 | EA11: 315 | EB11: 315 | EC11: 328 | ED11: 330 | EE11: 332 | EF11: 332 | EG11: 319 | EH11: 321 | EI11: 321 | EJ11: 321 | EK11: 336 | EL11: 336 | EM11: 336 | EN11: 336 | EO11: 336 | EP11: 336 | EQ11: 336 | ER11: 336 | ES11: 336 | ET11: 336
D12: Projected | AO12: 176 | AP12: 188 | AQ12: 183 | AR12: 183 | AS12: 182 | AT12: 180 | AU12: 181 | AV12: 179 | AW12: 177 | AX12: 174 | AY12: 177 | AZ12: 171 | BA12: 169 | BB12: 166 | BC12: 183 | BD12: 179 | BE12: 173 | BF12: 171 | BG12: 188 | BH12: 185 | BI12: 179 | BJ12: 175 | BK12: 187 | BL12: 184 | BM12: 183 | BN12: 182 | BO12: 199 | BP12: 198 | BQ12: 194 | BR12: 193 | BS12: 209 | BT12: 190 | BU12: 190 | BV12: 186 | BW12: 182 | BX12: 194 | BY12: 192 | BZ12: 189 | CA12: 186 | CB12: 174.20784 | CC12: 171.50751 | CD12: 171.50751 | CE12: 165 | CF12: 172 | CG12: 212 | CH12: 192 | CI12: 197 | CJ12: 167 | CK12: 195 | CL12: 189 | CM12: 186 | CN12: 203 | CO12: 217 | CP12: 215 | CQ12: 210 | CR12: 210 | CS12: 233 | CT12: 230 | CU12: 228 | CV12: 224 | CW12: 221 | CX12: 246 | CY12: 219 | CZ12: 233 | DA12: 229 | DB12: 227 | DC12: 252 | DD12: 237 | DE12: 248 | DF12: 239 | DG12: 230.415 | DH12: 231 | DI12: 246 | DJ12: 225.5 | DK12: 235 | DL12: 269.5125 | DM12: 285.932 | DN12: 285 | DO12: 303 | DP12: 296 | DQ12: 315.58 | DR12: 329 | DS12: 327.24 | DT12: 315.995 | DU12: 310 | DV12: 324 | DW12: 321.12 | DX12: 313.12 | DY12: 311 | DZ12: 325 | EA12: 301 | EB12: 299 | EC12: 290 | ED12: 280 | EE12: 271 | EF12: 268.41 | EG12: 266.352 | EH12: 259.21006 | EI12: 273.04518 | EJ12: 270.03629 | EK12: 297.00735 | EL12: 289.94648 | EM12: 287.31012 | EN12: 325.87536 | EO12: 323.67862 | EP12: 315.70666 | EQ12: 312.49186 | ER12: 308.88002 | ES12: 305.79252 | ET12: 299.65851 | EU12: =EU11 -> 0 | EV12: =EV11 -> 0 | EW12: =EW11 -> 0 | EX12: =EX11 -> 0 | EY12: =EY11 -> 0
D13: Budget Vs Actual | E13: =E11/E9 -> #DIV/0! | F13: =F11/F9 -> #DIV/0! | G13: =G11/G9 -> #DIV/0! | H13: =H11/H9 -> #DIV/0! | I13: =I11/I9 -> #DIV/0! | J13: =J11/J9 -> #DIV/0! | K13: =K11/K9 -> #DIV/0! | L13: =L11/L9 -> #DIV/0! | ... AN13: =AN11/AN9 -> #DIV/0! | AO13: =IFERROR(AO11/AO9,0) -> 0 | AP13: =IFERROR(AP11/AP9,0) -> 0 | AQ13: =IFERROR(AQ11/AQ9,0) -> 0 | AR13: =IFERROR(AR11/AR9,0) -> 0 | AS13: =IFERROR(AS11/AS9,0) -> 0 | AT13: =IFERROR(AT11/AT9,0) -> 0 | AU13: =IFERROR(AU11/AU9,0) -> 0 | AV13: =IFERROR(AV11/AV9,0) -> 0 | ... EY13: =IFERROR(EY11/EY9,0) -> 0
D14: Forecast Vs Actual | E14: =E11/E10 -> #DIV/0! | F14: =F11/F10 -> #DIV/0! | G14: =G11/G10 -> #DIV/0! | H14: =H11/H10 -> #DIV/0! | I14: =I11/I10 -> #DIV/0! | J14: =J11/J10 -> #DIV/0! | K14: =K11/K10 -> #DIV/0! | L14: =L11/L10 -> #DIV/0! | ... AA14: =AA11/AA10 -> #DIV/0! | AB14: =AB12/AB10 -> #DIV/0! | AC14: =AC12/AC10 -> #DIV/0! | AD14: =AD12/AD10 -> #DIV/0! | AE14: =AE12/AE10 -> #DIV/0! | AF14: =AF12/AF10 -> #DIV/0! | AG14: =AG12/AG10 -> #DIV/0! | AH14: =AH12/AH10 -> #DIV/0! | AI14: =AI12/AI10 -> #DIV/0! | ... AR14: =AR12/AR10 -> 1.22 | AS14: =AS11/AS10 -> 1.1192684 | AT14: =AT11/AT10 -> 1.1192684 | AU14: =AU11/AU10 -> 1.1192684 | AV14: =AV11/AV10 -> 1.1192684 | AW14: =AW11/AW10 -> 1.1192684 | AX14: =AX11/AX10 -> 1.1940907 | AY14: =AY11/AY10 -> 1.1425653 | AZ14: =AZ11/AZ10 -> 1.1425653 | ... EY14: =EY11/EY10 -> 0
D16: Budget
D17: Forecast
D18: Required
D19: Projected | CG19: =CG18 -> 0 | CH19: =CH18 -> 0 | CI19: =CI18 -> 0 | CJ19: =CJ18 -> 0 | CK19: =CK18 -> 0 | CL19: =CL18 -> 0 | CM19: =CM18 -> 0 | CN19: =CN18 -> 0 | ... EY19: =EY18 -> 0
D20: Budget Vs Actual | E20: =E18/E16 -> #DIV/0! | F20: =F18/F16 -> #DIV/0! | G20: =G18/G16 -> #DIV/0! | H20: =H18/H16 -> #DIV/0! | I20: =I18/I16 -> #DIV/0! | J20: =J18/J16 -> #DIV/0! | K20: =K18/K16 -> #DIV/0! | L20: =L18/L16 -> #DIV/0! | ... EY20: =EY18/EY16 -> #DIV/0!
D21: Forecast Vs Actual | E21: =E18/E17 -> #DIV/0! | F21: =F18/F17 -> #DIV/0! | G21: =G18/G17 -> #DIV/0! | H21: =H18/H17 -> #DIV/0! | I21: =I18/I17 -> #DIV/0! | J21: =J18/J17 -> #DIV/0! | K21: =K18/K17 -> #DIV/0! | L21: =L18/L17 -> #DIV/0! | ... AA21: =AA18/AA17 -> #DIV/0! | AB21: =AB19/AB17 -> #DIV/0! | AC21: =AC19/AC17 -> #DIV/0! | AD21: =AD19/AD17 -> #DIV/0! | AE21: =AE19/AE17 -> #DIV/0! | AF21: =AF19/AF17 -> #DIV/0! | AG21: =AG19/AG17 -> #DIV/0! | AH21: =AH19/AH17 -> #DIV/0! | AI21: =AI19/AI17 -> #DIV/0! | ... AR21: =AR19/AR17 -> #DIV/0! | AS21: =AS18/AS17 -> #DIV/0! | AT21: =AT18/AT17 -> #DIV/0! | AU21: =AU18/AU17 -> #DIV/0! | AV21: =AV18/AV17 -> #DIV/0! | AW21: =AW18/AW17 -> #DIV/0! | AX21: =AX18/AX17 -> #DIV/0! | AY21: =AY18/AY17 -> #DIV/0! | AZ21: =AZ18/AZ17 -> #DIV/0! | ... EY21: =EY18/EY17 -> #DIV/0!
D23: Budget
D24: Forecast
D25: Required
D26: Projected | DE26: =DE25 -> 0 | DF26: =DF25 -> 0 | DG26: =DG25 -> 0 | DH26: =DH25 -> 0 | DI26: =DI25 -> 0 | DJ26: =DJ25 -> 0 | DK26: =DK25 -> 0 | DL26: =DL25 -> 0 | ... EY26: =EY25 -> 0
D27: Budget Vs Actual | E27: =E25/E23 -> #DIV/0! | F27: =F25/F23 -> #DIV/0! | G27: =G25/G23 -> #DIV/0! | H27: =H25/H23 -> #DIV/0! | I27: =I25/I23 -> #DIV/0! | J27: =J25/J23 -> #DIV/0! | K27: =K25/K23 -> #DIV/0! | L27: =L25/L23 -> #DIV/0! | ... EY27: =EY25/EY23 -> #DIV/0!
D28: Forecast Vs Actual | E28: =E25/E24 -> #DIV/0! | F28: =F25/F24 -> #DIV/0! | G28: =G25/G24 -> #DIV/0! | H28: =H25/H24 -> #DIV/0! | I28: =I25/I24 -> #DIV/0! | J28: =J25/J24 -> #DIV/0! | K28: =K25/K24 -> #DIV/0! | L28: =L25/L24 -> #DIV/0! | ... AA28: =AA25/AA24 -> #DIV/0! | AB28: =AB26/AB24 -> #DIV/0! | AC28: =AC26/AC24 -> #DIV/0! | AD28: =AD26/AD24 -> #DIV/0! | AE28: =AE26/AE24 -> #DIV/0! | AF28: =AF26/AF24 -> #DIV/0! | AG28: =AG26/AG24 -> #DIV/0! | AH28: =AH26/AH24 -> #DIV/0! | AI28: =AI26/AI24 -> #DIV/0! | ... AR28: =AR26/AR24 -> #DIV/0! | AS28: =AS25/AS24 -> #DIV/0! | AT28: =AT25/AT24 -> #DIV/0! | AU28: =AU25/AU24 -> #DIV/0! | AV28: =AV25/AV24 -> #DIV/0! | AW28: =AW25/AW24 -> #DIV/0! | AX28: =AX25/AX24 -> #DIV/0! | AY28: =AY25/AY24 -> #DIV/0! | AZ28: =AZ25/AZ24 -> #DIV/0! | ... EY28: =EY25/EY24 -> #DIV/0!
A30: Phillipines Total Reporting to Mir | B30: Phillipines Mir Total | C30: Philippines | D30: Budget | BT30: =BT2+BT9+BT16 -> 0 | BU30: =BU2+BU9+BU16 -> 0 | BV30: =BV2+BV9+BV16 -> 0 | BW30: =BW2+BW9+BW16 -> 0 | BX30: =BX2+BX9+BX16 -> 0 | BY30: =BY2+BY9+BY16 -> 0 | BZ30: =BZ2+BZ9+BZ16 -> 0 | CA30: =CA2+CA9+CA16 -> 0 | ... EY30: =EY2+EY9+EY16 -> 306
D31: Forecast | BT31: =BT3+BT10+BT17 -> 177 | BU31: =BU3+BU10+BU17 -> 180 | BV31: =BV3+BV10+BV17 -> 179 | BW31: =BW3+BW10+BW17 -> 179 | BX31: =BX3+BX10+BX17 -> 166 | BY31: =BY3+BY10+BY17 -> 157 | BZ31: =BZ3+BZ10+BZ17 -> 157 | CA31: =CA3+CA10+CA17 -> 157 | ... DD31: =DD3+DD10+DD17 -> 213 | DE31: =DE3+DE10+DE17+DE24 -> 228 | DF31: =DF3+DF10+DF17+DF24 -> 228 | DG31: =DG3+DG10+DG17+DG24 -> 228 | DH31: =DH3+DH10+DH17+DH24 -> 248 | DI31: =DI3+DI10+DI17+DI24 -> 248 | DJ31: =DJ3+DJ10+DJ17+DJ24 -> 248 | DK31: =DK3+DK10+DK17+DK24 -> 238 | DL31: =DL3+DL10+DL17+DL24 -> 238 | ... DT31: =DT3+DT10+DT17+DT24 -> 306 | DU31: =DU3+DU10+DU17 -> 306 | DV31: =DV3+DV10+DV17 -> 306 | DW31: =DW3+DW10+DW17 -> 306 | DX31: =DX3+DX10+DX17 -> 306 | DY31: =DY3+DY10+DY17 -> 306 | DZ31: =DZ3+DZ10+DZ17 -> 306 | EA31: =EA3+EA10+EA17 -> 306 | EB31: =EB3+EB10+EB17 -> 306 | ... EY31: =EY3+EY10+EY17 -> 306
D32: Required | BT32: =BT4+BT11+BT18 -> 192 | BU32: =BU4+BU11+BU18 -> 204.08054 | BV32: =BV4+BV11+BV18 -> 203.08054 | BW32: =BW4+BW11+BW18 -> 193.63813 | BX32: =BX4+BX11+BX18 -> 191.63813 | BY32: =BY4+BY11+BY18 -> 173 | BZ32: =BZ4+BZ11+BZ18 -> 173 | CA32: =CA4+CA11+CA18 -> 173 | ... DD32: =DD4+DD11+DD18 -> 213 | DE32: =DE4+DE11+DE18+DE25 -> 228 | DF32: =DF4+DF11+DF18+DF25 -> 228 | DG32: =DG4+DG11+DG18+DG25 -> 228 | DH32: =DH4+DH11+DH18+DH25 -> 228 | DI32: 251 | DJ32: 252 | DK32: 242 | DL32: 248 | DM32: 295 | DN32: 295 | DO32: 322 | DP32: 322 | DQ32: 322 | DR32: 322 | DS32: 322 | DT32: 322 | DU32: 322 | DV32: 322 | DW32: 322 | DX32: 322 | DY32: =DY4+DY11+DY18 -> 325 | DZ32: =DZ4+DZ11+DZ18 -> 305 | EA32: =EA4+EA11+EA18 -> 315 | EB32: =EB4+EB11+EB18 -> 315 | EC32: =EC4+EC11+EC18 -> 328 | ED32: =ED4+ED11+ED18 -> 330 | EE32: =EE4+EE11+EE18 -> 332 | EF32: =EF4+EF11+EF18 -> 332 | ... EY32: =EY4+EY11+EY18 -> 0
D33: Projected | BT33: =BT5+BT12+BT19 -> 213 | BU33: =BU5+BU12+BU19 -> 211 | BV33: =BV5+BV12+BV19 -> 206 | BW33: =BW5+BW12+BW19 -> 201 | BX33: =BX5+BX12+BX19 -> 211 | BY33: =BY5+BY12+BY19 -> 192 | BZ33: =BZ5+BZ12+BZ19 -> 189 | CA33: =CA5+CA12+CA19 -> 186 | ... DD33: =DD5+DD12+DD19 -> 237 | DE33: =DE5+DE12+DE19+DE26 -> 248 | DF33: =DF5+DF12+DF19+DF26 -> 239 | DG33: =DG5+DG12+DG19+DG26 -> 230.415 | DH33: =DH5+DH12+DH19+DH26 -> 231 | DI33: 228 | DJ33: 244 | DK33: 233.52 | DL33: 272.1865 | DM33: 290.59123 | DN33: 287.89269 | DO33: 305.98411 | DP33: 303.39243 | DQ33: 321.66427 | DR33: 333.24518 | DS33: 329.76624 | DT33: 326.67232 | DU33: 323.64027 | DV33: 340.3834 | DW33: 336.68284 | DX33: 333.45058 | DY33: 350.56777 | DZ33: =DZ5+DZ12+DZ19 -> 325 | EA33: =EA5+EA12+EA19 -> 301 | EB33: =EB5+EB12+EB19 -> 299 | EC33: =EC5+EC12+EC19 -> 290 | ED33: =ED5+ED12+ED19 -> 280 | EE33: =EE5+EE12+EE19 -> 271 | EF33: =EF5+EF12+EF19 -> 268.41 | EG33: =EG5+EG12+EG19 -> 266.352 | ... EY33: =EY5+EY12+EY19 -> 0
D34: Budget Vs Actual | E34: =E32/E30 -> #DIV/0! | F34: =F32/F30 -> #DIV/0! | G34: =G32/G30 -> #DIV/0! | H34: =H32/H30 -> #DIV/0! | I34: =I32/I30 -> #DIV/0! | J34: =J32/J30 -> #DIV/0! | K34: =K32/K30 -> #DIV/0! | L34: =L32/L30 -> #DIV/0! | ... EY34: =EY32/EY30 -> 0
D35: Forecast Vs Actual | E35: =E32/E31 -> #DIV/0! | F35: =F32/F31 -> #DIV/0! | G35: =G32/G31 -> #DIV/0! | H35: =H32/H31 -> #DIV/0! | I35: =I32/I31 -> #DIV/0! | J35: =J32/J31 -> #DIV/0! | K35: =K32/K31 -> #DIV/0! | L35: =L32/L31 -> #DIV/0! | ... AA35: =AA32/AA31 -> #DIV/0! | AB35: =AB33/AB31 -> #DIV/0! | AC35: =AC33/AC31 -> #DIV/0! | AD35: =AD33/AD31 -> #DIV/0! | AE35: =AE33/AE31 -> #DIV/0! | AF35: =AF33/AF31 -> #DIV/0! | AG35: =AG33/AG31 -> #DIV/0! | AH35: =AH33/AH31 -> #DIV/0! | AI35: =AI33/AI31 -> #DIV/0! | ... AR35: =AR33/AR31 -> #DIV/0! | AS35: =AS32/AS31 -> #DIV/0! | AT35: =AT32/AT31 -> #DIV/0! | AU35: =AU32/AU31 -> #DIV/0! | AV35: =AV32/AV31 -> #DIV/0! | AW35: =AW32/AW31 -> #DIV/0! | AX35: =AX32/AX31 -> #DIV/0! | AY35: =AY32/AY31 -> #DIV/0! | AZ35: =AZ32/AZ31 -> #DIV/0! | ... EY35: =EY32/EY31 -> 0
